;date;Italy;US;Spain;India;Germany
0;2020-01-22;0;1;0;0;0
1;2020-01-23;0;1;0;0;0
2;2020-01-24;0;2;0;0;0
3;2020-01-25;0;2;0;0;0
4;2020-01-26;0;5;0;0;0
5;2020-01-27;0;5;0;0;1
6;2020-01-28;0;5;0;0;4
7;2020-01-29;0;6;0;0;4
8;2020-01-30;0;6;0;1;4
9;2020-01-31;2;8;0;1;5
10;2020-02-01;2;8;1;1;8
11;2020-02-02;2;8;1;2;10
12;2020-02-03;2;11;1;3;12
13;2020-02-04;2;11;1;3;12
14;2020-02-05;2;11;1;3;12
15;2020-02-06;2;12;1;3;12
16;2020-02-07;3;12;1;3;13
17;2020-02-08;3;12;1;3;13
18;2020-02-09;3;12;2;3;14
19;2020-02-10;3;12;2;3;14
20;2020-02-11;3;13;2;3;16
21;2020-02-12;3;13;2;3;16
22;2020-02-13;3;14;2;3;16
23;2020-02-14;3;14;2;3;16
24;2020-02-15;3;14;2;3;16
25;2020-02-16;3;14;2;3;16
26;2020-02-17;3;14;2;3;16
27;2020-02-18;3;14;2;3;16
28;2020-02-19;3;14;2;3;16
29;2020-02-20;3;14;2;3;16
30;2020-02-21;20;16;2;3;16
31;2020-02-22;62;16;2;3;16
32;2020-02-23;155;16;2;3;16
33;2020-02-24;229;16;2;3;16
34;2020-02-25;322;16;6;3;16
35;2020-02-26;453;16;13;3;21
36;2020-02-27;655;17;15;3;26
37;2020-02-28;888;17;32;3;53
38;2020-02-29;1128;25;45;3;66
39;2020-03-01;1694;32;84;3;117
40;2020-03-02;2036;55;120;5;150
41;2020-03-03;2502;74;165;5;188
42;2020-03-04;3089;107;222;28;240
43;2020-03-05;3858;184;259;30;349
44;2020-03-06;4636;237;400;31;534
45;2020-03-07;5883;403;500;34;684
46;2020-03-08;7375;519;673;39;847
47;2020-03-09;9172;594;1073;43;1112
48;2020-03-10;10149;782;1695;56;1296
49;2020-03-11;12462;1147;2277;62;1567
50;2020-03-12;15113;1586;2277;73;2369
51;2020-03-13;17660;2219;5232;82;3062
52;2020-03-14;21157;2978;6391;102;3795
53;2020-03-15;24747;3212;7798;113;4838
54;2020-03-16;27980;4679;9942;119;6012
55;2020-03-17;31506;6512;11748;142;7156
56;2020-03-18;35713;9169;13910;156;8198
57;2020-03-19;41035;13663;17963;194;10999
58;2020-03-20;47021;20030;20410;244;13957
59;2020-03-21;53578;26025;25374;330;16662
60;2020-03-22;59138;34944;28768;396;18610
61;2020-03-23;63927;46096;35136;499;22672
62;2020-03-24;69176;56714;39885;536;27436
63;2020-03-25;74386;68841;49515;657;31554
64;2020-03-26;80589;86662;57786;727;36508
65;2020-03-27;86498;105253;65719;887;42288
66;2020-03-28;92472;127417;73235;987;48582
67;2020-03-29;97689;143544;80110;1024;52547
68;2020-03-30;101739;165698;87956;1251;57298
69;2020-03-31;105792;192079;95923;1397;61913
70;2020-04-01;110574;223254;104118;1998;67366
71;2020-04-02;115242;255530;112065;2543;73522
72;2020-04-03;119827;287931;119199;2567;79696
73;2020-04-04;124632;319776;126168;3082;85778
74;2020-04-05;128948;349016;131646;3588;91714
75;2020-04-06;132547;380798;136675;4778;95391
76;2020-04-07;135586;410834;141942;5311;99225
77;2020-04-08;139422;441897;148220;5916;103228
78;2020-04-09;143626;477507;153222;6725;108202
79;2020-04-10;147577;511790;158273;7598;113525
80;2020-04-11;152271;540714;163027;8446;117658
81;2020-04-12;156363;567022;166831;9205;120479
82;2020-04-13;159516;594165;170099;10453;123016
83;2020-04-14;162488;622493;172541;11487;125098
84;2020-04-15;165155;648390;177644;12322;127584
85;2020-04-16;168941;678028;184948;13430;130450
86;2020-04-17;172434;711135;190839;14352;133830
87;2020-04-18;175925;738464;191726;15722;137439
88;2020-04-19;178972;763886;198674;17615;139897
89;2020-04-20;181228;793970;200210;18539;141672
90;2020-04-21;183957;820045;204178;20080;143457
91;2020-04-22;187327;849926;208389;21370;145694
92;2020-04-23;189973;881891;213024;23077;148046
93;2020-04-24;192994;913856;202990;24530;150383
94;2020-04-25;195351;944770;205905;26283;152438
95;2020-04-26;197675;970741;207634;27890;154175
96;2020-04-27;199414;995391;209465;29451;155193
97;2020-04-28;201505;1019964;210773;31324;156337
98;2020-04-29;203591;1046816;212917;33062;157641
99;2020-04-30;205463;1076518;213435;34863;159119
100;2020-05-01;207428;1111410;215216;37257;160758
101;2020-05-02;209328;1138174;216582;39699;161703
102;2020-05-03;210717;1161907;217466;42505;162496
103;2020-05-04;211938;1185709;218011;46437;163175
104;2020-05-05;213013;1209728;219329;49400;163860
105;2020-05-06;214457;1234210;220325;52987;164807
106;2020-05-07;215858;1261949;221447;56351;166091
107;2020-05-08;217185;1289132;222857;59695;167300
108;2020-05-09;218268;1313586;223578;62808;168551
109;2020-05-10;219070;1332333;224350;67161;169218
110;2020-05-11;219814;1351410;227436;70768;169575
111;2020-05-12;221216;1374792;228030;74292;170508
112;2020-05-13;222104;1394807;228691;78055;171306
113;2020-05-14;223096;1420697;229540;81997;172239
114;2020-05-15;223885;1445548;230183;85784;173152
115;2020-05-16;224760;1469598;230698;90648;173772
116;2020-05-17;225435;1488327;230698;95698;174355
117;2020-05-18;225886;1510635;231606;100328;174697
118;2020-05-19;226699;1531138;232037;106475;175210
119;2020-05-20;227364;1553964;232555;112028;176007
120;2020-05-21;228006;1579116;233037;118226;176752
121;2020-05-22;228658;1602945;234824;124794;177212
122;2020-05-23;229327;1623134;235290;131423;177850
123;2020-05-24;229858;1643308;235772;138536;178281
124;2020-05-25;230158;1662402;235400;144950;178570
125;2020-05-26;230555;1681128;236259;150793;179002
126;2020-05-27;231139;1699891;236259;158086;179364
127;2020-05-28;231732;1721158;237906;165386;179717
128;2020-05-29;232248;1746240;238564;173491;180458
129;2020-05-30;232664;1769320;239228;181827;181196
130;2020-05-31;232997;1788239;239479;190609;181482
131;2020-06-01;233197;1806079;239638;198370;181815
132;2020-06-02;233515;1826169;239932;207191;182028
133;2020-06-03;233836;1845325;240326;216824;182370
134;2020-06-04;234013;1873259;240660;226713;182764
135;2020-06-05;234531;1899699;240978;236184;183271
136;2020-06-06;234801;1919968;241310;246622;183678
137;2020-06-07;234998;1937794;241550;257486;183979
138;2020-06-08;235278;1954694;241717;265928;184193
139;2020-06-09;235561;1975015;241966;276146;184543
140;2020-06-10;235763;1996733;242280;286605;184861
141;2020-06-11;236142;2019011;242707;297535;185416
142;2020-06-12;236305;2044569;243209;308993;185674
143;2020-06-13;236651;2068726;243605;320922;186022
144;2020-06-14;236989;2087627;243928;332424;186269
145;2020-06-15;237290;2108626;244109;343091;186461
146;2020-06-16;237500;2133175;244328;354065;186839
147;2020-06-17;237828;2160225;244683;366946;187184
148;2020-06-18;238159;2188452;245268;380532;187764
149;2020-06-19;238011;2219506;245575;395048;188534
150;2020-06-20;238275;2251332;245938;410451;189135
151;2020-06-21;238499;2277168;246272;425282;189822
152;2020-06-22;238720;2306969;246504;440215;190359
153;2020-06-23;238833;2345698;246752;456183;190862
154;2020-06-24;239410;2381949;247086;473105;191449
155;2020-06-25;239706;2421248;247486;490401;192079
156;2020-06-26;239961;2470294;247905;508953;192556
157;2020-06-27;240136;2511048;248469;528859;193243
158;2020-06-28;240310;2553973;248770;548318;193499
159;2020-06-29;240436;2595268;248970;566840;193761
160;2020-06-30;240578;2645092;249271;585481;194259
161;2020-07-01;240760;2694215;249659;604641;194725
162;2020-07-02;240961;2749158;250103;625544;195228
163;2020-07-03;241184;2800662;250545;648315;195674
164;2020-07-04;241419;2846608;250545;673165;196096
165;2020-07-05;241611;2900336;250545;697413;196335
166;2020-07-06;241819;2943501;251789;719664;196554
167;2020-07-07;241956;3000732;252130;742417;196944
168;2020-07-08;242149;3061038;252513;767296;197341
169;2020-07-09;242363;3120694;253056;793802;197783
170;2020-07-10;242639;3189553;253908;820916;198178
171;2020-07-11;242827;3249992;253908;849522;198556
172;2020-07-12;243061;3310124;253908;878254;198804
173;2020-07-13;243230;3369488;255953;906752;198963
174;2020-07-14;243344;3435150;256619;936181;199375
175;2020-07-15;243506;3501176;257494;968857;199726
176;2020-07-16;243736;3571990;258855;1003832;200260
177;2020-07-17;243967;3638462;260255;1039084;200843
178;2020-07-18;244216;3702784;260255;1077781;201372
179;2020-07-19;244434;3761716;260255;1118206;201574
180;2020-07-20;244624;3822379;264836;1155338;201823
181;2020-07-21;244752;3890573;266194;1193078;202345
182;2020-07-22;245032;3958118;267551;1238798;202799
183;2020-07-23;245338;4026004;270166;1288108;203368
184;2020-07-24;245590;4101151;272421;1337024;204183
185;2020-07-25;245864;4165351;272421;1385635;204964
186;2020-07-26;246118;4221190;272421;1435616;205269
187;2020-07-27;246286;4280914;278782;1480073;205609
188;2020-07-28;246488;4345744;280610;1531669;206242
189;2020-07-29;246776;4409872;282641;1581963;206926
190;2020-07-30;247158;4479113;285430;1634746;207828
191;2020-07-31;247537;4543689;288522;1695988;208698
192;2020-08-01;247832;4601267;288522;1750723;209653
193;2020-08-02;248070;4648376;288522;1803695;209893
194;2020-08-03;248229;4690060;297054;1855745;210402
195;2020-08-04;248419;4751717;302814;1908254;211281
196;2020-08-05;248803;4806065;305767;1964536;212022
197;2020-08-06;249204;4866245;309855;2027074;213067
198;2020-08-07;249756;4926832;314362;2088611;214214
199;2020-08-08;250103;4990765;314362;2153010;215336
200;2020-08-09;250566;5045032;314362;2215074;215891
201;2020-08-10;250825;5096649;322980;2268675;216327
202;2020-08-11;251237;5153604;326612;2329638;217293
203;2020-08-12;251713;5208848;329784;2396637;218519
204;2020-08-13;252235;5260504;337334;2461190;219964
205;2020-08-14;252809;5330629;342813;2525922;221413
206;2020-08-15;253438;5383024;342813;2589952;222828
207;2020-08-16;253915;5417686;342813;2647663;223453
208;2020-08-17;254235;5455535;359082;2702681;224014
209;2020-08-18;254636;5500437;364196;2767253;225404
210;2020-08-19;255278;5546321;370867;2836925;226914
211;2020-08-20;256118;5591449;377906;2905825;228621
212;2020-08-21;257065;5639040;386054;2975701;230048
213;2020-08-22;258136;5684713;386054;3044940;232082
214;2020-08-23;259345;5716624;386054;3106348;232864
215;2020-08-24;260298;5750547;405436;3167323;233575
216;2020-08-25;261174;5793220;412553;3224547;234853
217;2020-08-26;262540;5835293;419849;3310234;236429
218;2020-08-27;263949;5885811;429507;3387500;237936
219;2020-08-28;265409;5932281;439286;3463972;239507
220;2020-08-29;266853;5975384;439286;3542733;240986
221;2020-08-30;268218;6009515;439286;3621245;241771
222;2020-08-31;269214;6042877;462858;3691166;242381
223;2020-09-01;270189;6084855;470973;3769523;243599
224;2020-09-02;271515;6124816;479554;3853406;244855
225;2020-09-03;272912;6169957;488513;3936747;246166
226;2020-09-04;274644;6218291;498989;4023179;247619
227;2020-09-05;276338;6261914;498989;4113811;248997
228;2020-09-06;277634;6291033;498989;4204613;249985
229;2020-09-07;278784;6315596;525549;4280422;250799
230;2020-09-08;280153;6342340;534513;4370128;252298
231;2020-09-09;281583;6375978;543379;4465863;253474
232;2020-09-10;283180;6415426;554143;4562414;255366
233;2020-09-11;284796;6460049;566326;4659984;256850
234;2020-09-12;286297;6505632;566326;4754356;258480
235;2020-09-13;287753;6545923;566326;4846427;259428
236;2020-09-14;288761;6578487;593730;4930236;260355
237;2020-09-15;289990;6615665;603167;5020359;261762
238;2020-09-16;291442;6653957;614360;5118253;263663
239;2020-09-17;293025;6699276;625651;5214677;265857
240;2020-09-18;294932;6749460;640040;5308014;267773
241;2020-09-19;296569;6795238;640040;5400619;270070
242;2020-09-20;298156;6836848;640040;5487580;271415
243;2020-09-21;299506;6868891;671468;5562663;272337
244;2020-09-22;300897;6907162;682267;5646010;274158
245;2020-09-23;302537;6948282;693556;5732518;275927
246;2020-09-24;304323;6997165;704209;5818570;278070
247;2020-09-25;306235;7044301;716481;5903932;280223
248;2020-09-26;308104;7087848;716481;5992532;282730
249;2020-09-27;309870;7121627;716481;6074702;284140
250;2020-09-28;311364;7159367;748266;6145291;285332
251;2020-09-29;313011;7201400;748266;6225763;287421
252;2020-09-30;314861;7240031;769188;6312584;289219
253;2020-10-01;317409;7286275;778607;6394068;291722
254;2020-10-02;319908;7339718;789932;6473544;294395
255;2020-10-03;322751;7388999;789932;6549373;296958
256;2020-10-04;325329;7422130;789932;6623815;299237
257;2020-10-05;327586;7459487;813412;6685082;300619
258;2020-10-06;330263;7504032;825410;6757131;303258
259;2020-10-07;333940;7553169;835901;6835655;306086
260;2020-10-08;338398;7611059;848324;6906151;310144
261;2020-10-09;343770;7666138;861112;6979423;314660
262;2020-10-10;349494;7721504;861112;7053806;319381
263;2020-10-11;354950;7768404;861112;7120538;322864
264;2020-10-12;359569;7810484;888968;7175880;325331
265;2020-10-13;365467;7860607;896086;7239389;329453
266;2020-10-14;372799;7919049;908056;7307097;334585
267;2020-10-15;381602;7982586;921374;7370468;341223
268;2020-10-16;391611;8052760;936560;7432680;348557
269;2020-10-17;402536;8107592;936560;7494551;356387
270;2020-10-18;414241;8159762;936560;7550273;361974
271;2020-10-19;423578;8227644;974449;7597063;366299
272;2020-10-20;434449;8289381;988322;7651107;373167
273;2020-10-21;449648;8350087;1005295;7706946;380762
274;2020-10-22;465726;8429709;1026281;7761312;392049
275;2020-10-23;484869;8511369;1046132;7814682;403291
276;2020-10-24;504509;8589744;1046132;7864811;418005
277;2020-10-25;525782;8650719;1046132;7909959;429181
278;2020-10-26;542789;8715283;1098320;7946429;437866
279;2020-10-27;564778;8792506;1116738;7990322;449275
280;2020-10-28;589766;8878983;1136503;8040203;464239
281;2020-10-29;616595;8970276;1160083;8088851;481013
282;2020-10-30;647674;9070125;1185678;8137119;499694
283;2020-10-31;679430;9157468;1185678;8184082;518753
284;2020-11-01;709335;9235298;1185678;8229313;532930
285;2020-11-02;731588;9317105;1240697;8267623;545027
286;2020-11-03;759829;9441871;1259366;8313876;560379
287;2020-11-04;790377;9542133;1284408;8364086;577593
288;2020-11-05;824879;9670214;1306316;8411724;597583
289;2020-11-06;862681;9797270;1328832;8462080;619089
290;2020-11-07;902490;9924334;1328832;8507754;642488
291;2020-11-08;935104;10044007;1328832;8553657;658505
292;2020-11-09;960373;10160963;1381218;8591730;671868
293;2020-11-10;995463;10297515;1381218;8636011;687200
294;2020-11-11;1028424;10445197;1417709;8683916;705687
295;2020-11-12;1066401;10603993;1437220;8728795;727553
296;2020-11-13;1107303;10783511;1458591;8773479;751095
297;2020-11-14;1144552;10947561;1458591;8814579;773556
298;2020-11-15;1178529;11087276;1458591;8845127;790503
299;2020-11-16;1205881;11240364;1496864;8874290;801327
300;2020-11-17;1238072;11405011;1510023;8912907;815746
301;2020-11-18;1272352;11576980;1525341;8958483;833307
302;2020-11-19;1308528;11769281;1541574;9004365;855916
303;2020-11-20;1345767;11970950;1556730;9050597;879564
304;2020-11-21;1380531;12150770;1556730;9095806;902528
305;2020-11-22;1408868;12297357;1556730;9139865;918269
306;2020-11-23;1431795;12478869;1582616;9177840;929133
307;2020-11-24;1455022;12652431;1594844;9222216;942687
308;2020-11-25;1480874;12832643;1605066;9266705;961320
309;2020-11-26;1509875;12949894;1617355;9309787;983588
310;2020-11-27;1538217;13164528;1628208;9351109;1006394
311;2020-11-28;1564532;13332752;1628208;9392919;1028089
312;2020-11-29;1585178;13473104;1628208;9431691;1042700
313;2020-11-30;1601554;13628018;1648187;9462809;1053869
314;2020-12-01;1620901;13825134;1656444;9499413;1067473
315;2020-12-02;1641610;14021297;1665775;9534964;1084743
316;2020-12-03;1664829;14241519;1675902;9571559;1106789
317;2020-12-04;1688939;14476889;1684647;9608211;1130238
318;2020-12-05;1709991;14698899;1684647;9644222;1153556
319;2020-12-06;1728878;14878223;1684647;9677203;1171323
320;2020-12-07;1742557;15073683;1702328;9703770;1183655
321;2020-12-08;1757394;15300740;1702328;9735850;1197709
322;2020-12-09;1770149;15516747;1712101;9767371;1218524
323;2020-12-10;1787147;15753691;1720056;9796744;1242203
324;2020-12-11;1805873;15992593;1730575;9826775;1272078
325;2020-12-12;1825775;16217128;1730575;9857029;1300516
326;2020-12-13;1843712;16408725;1730575;9884100;1320716
327;2020-12-14;1855737;16618553;1751884;9906165;1337078
328;2020-12-15;1870576;16844868;1762212;9932547;1351510
329;2020-12-16;1888144;17079672;1773290;9956557;1379238
330;2020-12-17;1906377;17319918;1785421;9979447;1406161
331;2020-12-18;1921778;17567864;1797236;10004599;1439938
332;2020-12-19;1938083;17773715;1797236;10031223;1471238
333;2020-12-20;1953185;17960910;1797236;10055560;1494009
334;2020-12-21;1964054;18157768;1819249;10075116;1510652
335;2020-12-22;1977370;18363698;1829903;10099066;1530180
336;2020-12-23;1991278;18585139;1842289;10123778;1554920
337;2020-12-24;2009317;18798087;1854951;10146845;1587115
338;2020-12-25;2028354;18925265;1854951;10169118;1612648
339;2020-12-26;2038759;19142705;1854951;10187850;1627103
340;2020-12-27;2047696;19278666;1854951;10207871;1640858
341;2020-12-28;2056277;19451968;1879413;10224303;1651834
342;2020-12-29;2067487;19657940;1893502;10244852;1664726
343;2020-12-30;2083689;19876237;1910218;10266674;1687185
344;2020-12-31;2107166;20191325;1928265;10286709;1719737
345;2021-01-01;2129376;20370227;1928265;10305788;1742661
346;2021-01-02;2141201;20642506;1928265;10323965;1755351
347;2021-01-03;2155446;20845907;1928265;10340469;1765666
348;2021-01-04;2166244;21031409;1958844;10356844;1775513
349;2021-01-05;2181619;21264272;1982544;10374932;1787410
350;2021-01-06;2201945;21524033;1982544;10395278;1808647
351;2021-01-07;2220361;21810277;2024904;10413417;1835038
352;2021-01-08;2237890;22114343;2050360;10413417;1866887
353;2021-01-09;2257866;22379081;2050360;10450284;1891581
354;2021-01-10;2276491;22589924;2050360;10466595;1908527
355;2021-01-11;2289021;22793888;2111782;10479179;1921024
356;2021-01-12;2303263;23015701;2137220;10495147;1933826
357;2021-01-13;2319036;23245031;2176089;10512093;1953426
358;2021-01-14;2336279;23480609;2211967;10527683;1978590
359;2021-01-15;2352423;23725607;2252164;10542841;2000958
360;2021-01-16;2368733;23943296;2252164;10557985;2019636
361;2021-01-17;2381277;24119850;2252164;10571773;2033518
362;2021-01-18;2390102;24260678;2336451;10581823;2040659
363;2021-01-19;2400598;24417573;2370742;10595639;2052028
364;2021-01-20;2414166;24604955;2412318;10610883;2068002
365;2021-01-21;2428221;24797508;2456675;10625428;2088400
366;2021-01-22;2441854;24989283;2499560;10639684;2106262
367;2021-01-23;2455185;25167458;2499560;10654533;2122679
368;2021-01-24;2466813;25307602;2499560;10667736;2134936
369;2021-01-25;2475372;25437202;2593382;10676838;2141665
370;2021-01-26;2485956;25588210;2629817;10689527;2148077
371;2021-01-27;2501147;25743666;2670102;10701193;2161275
372;2021-01-28;2515507;25910426;2705001;10720048;2178828
373;2021-01-29;2529070;26074169;2743119;10733130;2192850
374;2021-01-30;2541783;26225109;2743119;10746174;2205171
375;2021-01-31;2553032;26337967;2743119;10757610;2216363
376;2021-02-01;2560957;26463281;2822805;10766245;2221971
377;2021-02-02;2570608;26580311;2851869;10777284;2228085
378;2021-02-03;2583790;26704683;2883465;10790183;2237790
379;2021-02-04;2597446;26829712;2913425;10802591;2252001
380;2021-02-05;2611659;26960823;2941990;10814304;2264909
381;2021-02-06;2625098;27077683;2941990;10826363;2275394
382;2021-02-07;2636738;27167112;2941990;10838194;2284010
383;2021-02-08;2644707;27249911;2989085;10847304;2288545
384;2021-02-09;2655319;27345292;3005487;10858371;2291924
385;2021-02-10;2668266;27440575;3023601;10871294;2299996
386;2021-02-11;2683403;27547347;3041454;10880603;2310233
387;2021-02-12;2697296;27647927;3056035;10892746;2320093
388;2021-02-13;2710819;27738685;3056035;10904940;2328447
389;2021-02-14;2721879;27806993;3056035;10916589;2334561
390;2021-02-15;2729223;27862441;3086286;10925710;2338987
391;2021-02-16;2739591;27921663;3096343;10937320;2342843
392;2021-02-17;2751657;27990508;3107172;10950201;2350399
393;2021-02-18;2765412;28063088;3121687;10963394;2360606
394;2021-02-19;2780882;28138246;3133122;10977387;2369719
395;2021-02-20;2795796;28212029;3133122;10991651;2378883
396;2021-02-21;2809246;28267294;3133122;11005850;2386559
397;2021-02-22;2818863;28322777;3153971;11016434;2390928
398;2021-02-23;2832162;28396637;3161432;11030176;2394811
399;2021-02-24;2848564;28471662;3170644;11046914;2402818
400;2021-02-25;2868435;28548941;3180212;11063491;2414687
401;2021-02-26;2888923;28624361;3188553;11079979;2424684
402;2021-02-27;2907825;28695650;3188553;11096731;2434446
403;2021-02-28;2925265;28747414;3188553;11112241;2442336
404;2021-03-01;2938371;28797854;3204531;11124527;2447068
405;2021-03-02;2955434;28856272;3130184;11139516;2451011
406;2021-03-03;2976274;28923323;3136321;11156923;2460030
407;2021-03-04;2999119;28992266;3142358;11173761;2471942
408;2021-03-05;3023129;29060145;3149012;11192045;2482522
409;2021-03-06;3046762;29121176;3149012;11210799;2492079
410;2021-03-07;3067486;29162787;3149012;11229398;2500182
411;2021-03-08;3081368;29206879;3160970;11244786;2505193
412;2021-03-09;3101093;29262382;3164982;11262707;2509445
413;2021-03-10;3123368;29320154;3172101;11285561;2518591
414;2021-03-11;3149017;29381944;3178356;11308846;2532947
415;2021-03-12;3175807;29444547;3183704;11333728;2545781
416;2021-03-13;3201838;29501367;3183704;11359048;2558455
417;2021-03-14;3223142;29540641;3183704;11385339;2569245
418;2021-03-15;3238394;29591674;3195062;11409831;2575849
419;2021-03-16;3258770;29645741;3200024;11438734;2581329
420;2021-03-17;3281810;29705015;3206116;11474605;2594764
421;2021-03-18;3306711;29767405;3212332;11514331;2612268
422;2021-03-19;3332418;29829037;3212332;11555284;2629750
423;2021-03-20;3356331;29887904;3212332;11599130;2645783
424;2021-03-21;3376376;29923282;3212332;11646081;2659516
425;2021-03-22;3400877;29970706;3228803;11686796;2667225
426;2021-03-23;3419616;30023564;3234319;11734058;2674710
427;2021-03-24;3440862;30111321;3234319;11787534;2690523
428;2021-03-25;3464543;30178948;3247738;11846652;2713180
429;2021-03-26;3488619;30255319;3255324;11908910;2734753
430;2021-03-27;3512453;30319374;3255324;11971624;2755225
431;2021-03-28;3532057;30365694;3255324;12039644;2772401
432;2021-03-29;3544957;30431566;3270825;12095855;2782273
433;2021-03-30;3561012;30493256;3275819;12149335;2791822
434;2021-03-31;3584899;30562786;3284353;12221665;2808873
435;2021-04-01;3607083;30639642;3291394;12303131;2833173
436;2021-04-02;3629000;30713666;3291394;12392260;2855061
437;2021-04-03;3650247;30778546;3300965;12485509;2873190
438;2021-04-04;3668264;30816469;3300965;12589067;2885386
439;2021-04-05;3678944;30883556;3311325;12686049;2893883
440;2021-04-06;3686707;30946382;3317948;12801785;2900768
441;2021-04-07;3700393;31022159;3326736;12928574;2910445
442;2021-04-08;3717602;31102225;3336637;13060542;2930852
443;2021-04-09;3736526;31186978;3347512;13205926;2956316
444;2021-04-10;3754077;31257513;3347512;13358805;2980413
445;2021-04-11;3769814;31304969;3347512;13527717;2998268
446;2021-04-12;3779594;31367152;3370256;13689453;3011513
447;2021-04-13;3793033;31447993;3376548;13873825;3022323
448;2021-04-14;3809193;31523597;3387022;14074564;3044016
449;2021-04-15;3826156;31597579;3396685;14291917;3073442
450;2021-04-16;3842079;31681052;3407283;14526609;3099273
451;2021-04-17;3857443;31736539;3407283;14788003;3123077
452;2021-04-18;3870131;31780368;3407283;15061805;3142262
453;2021-04-19;3878994;31838914;3428354;15320972;3153699
454;2021-04-20;3891063;31901354;3428354;15616130;3163308
455;2021-04-21;3904899;31965700;3446072;15930774;3188192
456;2021-04-22;3920945;32032419;3456886;16263695;3217710
457;2021-04-23;3935703;32095314;3468617;16610481;3245253
458;2021-04-24;3949517;32150286;3468617;16960172;3268645
459;2021-04-25;3962674;32185055;3468617;17313163;3287418
460;2021-04-26;3971114;32227342;3488469;17636186;3299325
461;2021-04-27;3981512;32279624;3496134;17997113;3310301
462;2021-04-28;3994894;32334810;3504799;18376421;3332532
463;2021-04-29;4009208;32393636;3514942;18762976;3357268
464;2021-04-30;4022653;32451738;3524077;19164969;3381597
465;2021-05-01;4035617;32500514;3524077;19557457;3400532
466;2021-05-02;4044762;32531070;3524077;19925517;3416822
467;2021-05-03;4050708;32575692;3540430;20282833;3425982
468;2021-05-04;4059821;32618587;3544945;20664979;3433516
469;2021-05-05;4070400;32664630;3551262;21077410;3451550
470;2021-05-06;4082198;32710809;3559222;21491598;3473503
471;2021-05-07;4092747;32759224;3567408;21892676;3491988
472;2021-05-08;4102921;32794879;3567408;22296081;3507673
473;2021-05-09;4111210;32817749;3567408;22662575;3520329
474;2021-05-10;4116287;32850125;3581392;22992517;3527251
475;2021-05-11;4123230;32885603;3586333;23340938;3533376
476;2021-05-12;4131078;32921754;3592751;23703665;3548285
477;2021-05-13;4139160;32960490;3598452;24046809;3565704
478;2021-05-14;4146722;33002707;3604799;24372907;3577040
479;2021-05-15;4153374;33033464;3604799;24684077;3584934
480;2021-05-16;4159122;33051156;3604799;24965463;3593434
481;2021-05-17;4162576;33076399;3615860;25228996;3598846
482;2021-05-18;4167025;33105314;3619848;25496330;3603055
483;2021-05-19;4172525;33134919;3625928;25772440;3614095
484;2021-05-20;4178261;33165136;3631661;26031991;3626393
485;2021-05-21;4183476;33193961;3636453;26289290;3635162
486;2021-05-22;4188190;33215174;3636453;26530132;3642244
487;2021-05-23;4192183;33228958;3636453;26752447;3648958
488;2021-05-24;4194672;33250830;3647520;26948874;3651640
489;2021-05-25;4197892;33275420;3652879;27157795;3653551
490;2021-05-26;4201827;33300016;3657886;27369093;3656177
491;2021-05-27;4205970;33326857;3663176;27555457;3662490
492;2021-05-28;4209707;33349099;3668658;27729247;3669870
493;2021-05-29;4213055;33362410;3668658;27894800;3675296
494;2021-05-30;4216003;33369764;3668658;28047534;3679148
495;2021-05-31;4217821;33376039;3678390;28175044;3681126
496;2021-06-01;4220304;33396892;3682778;28307832;3682911
497;2021-06-02;4223200;33413605;3687762;28441986;3687828
498;2021-06-03;4225163;33432001;3693012;28574350;3692468
499;2021-06-04;4227719;33449866;3697981;28694879;3695633
500;2021-06-05;4230153;33465470;3697981;28809339;3697927
501;2021-06-06;4232428;33471486;3697981;28909975;3700367
502;2021-06-07;4233698;33485556;3707523;28996473;3701484
503;2021-06-08;4235592;33498595;3711027;29089069;3702688
504;2021-06-09;4237790;33517160;3715454;29182532;3705942
505;2021-06-10;4239868;33531941;3729458;29274823;3709129
506;2021-06-11;4241760;33557092;3733600;29359155;3711569
507;2021-06-12;4243482;33566252;3733600;29439989;3713480
508;2021-06-13;4244872;33571522;3733600;29510410;3714969
509;2021-06-14;4245779;33583308;3741767;29570881;3715518
510;2021-06-15;4247032;33594037;3745199;29633105;3716170
511;2021-06-16;4248432;33605945;3749031;29700313;3717625
512;2021-06-17;4249755;33617708;3753228;29762793;3718955
513;2021-06-18;4250902;33638890;3757442;29823546;3720031
514;2021-06-19;4252095;33647942;3757442;29881772;3721139
515;2021-06-20;4252976;33652898;3757442;29935221;3721981
516;2021-06-21;4253460;33663452;3764651;29977861;3722327
517;2021-06-22;4254294;33674248;3768691;30028709;3722782
518;2021-06-23;4255434;33686913;3773032;30082778;3723798
519;2021-06-24;4255700;33701389;3777539;30134445;3724806
520;2021-06-25;4256451;33725992;3782463;30183143;3725580
521;2021-06-26;4257289;33735361;3782463;30233183;3726172
522;2021-06-27;4258069;33739983;3782463;30279331;3726710
523;2021-06-28;4258456;33753566;3792642;30316897;3726929
524;2021-06-29;4259133;33761043;3799733;30362848;3727333
525;2021-06-30;4259909;33776394;3808960;30411634;3728141
526;2021-07-01;4260788;33791514;3821305;30458251;3729033
527;2021-07-02;4261582;33821271;3833868;30502362;3729682
528;2021-07-03;4262511;33826685;3833868;30545433;3730353
529;2021-07-04;4263317;33830970;3833868;30585229;3730912
530;2021-07-05;4263797;33839872;3866475;30619932;3731124
531;2021-07-06;4264704;33862154;3880612;30663665;3731564
532;2021-07-07;4265714;33882330;3897996;30709557;3732549
533;2021-07-08;4267105;33903195;3915313;30752950;3733519
534;2021-07-09;4268491;33950787;3937192;30795716;3734468
535;2021-07-10;4269885;33960906;3937192;30837222;3735420
536;2021-07-11;4271276;33972653;3937192;30874376;3736165
537;2021-07-12;4272163;34002076;3971124;30907282;3736489
538;2021-07-13;4273693;34028607;4015084;30946147;3737135
539;2021-07-14;4275846;34059732;4041474;30987880;3738683
540;2021-07-15;4278319;34091693;4069162;31026829;3740325
541;2021-07-16;4281214;34169802;4100222;31064908;3741781
542;2021-07-17;4284332;34183904;4100222;31106065;3743389
543;2021-07-18;4287458;34204233;4100222;31144229;3744681
544;2021-07-19;4289528;34253076;4161850;31174322;3745227
545;2021-07-20;4293083;34292802;4189136;31216337;3746410
546;2021-07-21;4297337;34340538;4219723;31257720;3748613
547;2021-07-22;4302393;34397064;4249258;31293062;3750503
548;2021-07-23;4307535;34517866;4280429;31332159;3752592
549;2021-07-24;4312673;34546610;4280429;31371901;3754511
550;2021-07-25;4317415;34574582;4280429;31411262;3755898
551;2021-07-26;4320530;34653954;4342054;31440951;3756856
552;2021-07-27;4325046;34718957;4368453;31484605;3758401
553;2021-07-28;4330739;34792533;4395602;31528114;3761169
554;2021-07-29;4336906;34865078;4422291;31572344;3764311
555;2021-07-30;4343519;35056523;4447044;31613993;3766765
556;2021-07-31;4350028;35100414;4447044;31655824;3769165
557;2021-08-01;4355348;35144983;4447044;31695958;3771262
558;2021-08-02;4358533;35253343;4502983;31726507;3772109
559;2021-08-03;4363374;35351097;4523310;31769132;3773875
560;2021-08-04;4369964;35453543;4545184;31812114;3777446
561;2021-08-05;4377188;35563230;4566571;31856757;3780985
562;2021-08-06;4383787;35815126;4588132;31895385;3784433
563;2021-08-07;4390684;35878132;4588132;31934455;3787639
564;2021-08-08;4396417;35913008;4588132;31969954;3790766
565;2021-08-09;4400617;36072795;4627770;31998158;3791949
566;2021-08-10;4406241;36190596;4643450;32036511;3794429
567;2021-08-11;4413162;36345048;4660473;32077706;3799425
568;2021-08-12;4420429;36489134;4677883;32117826;3805063
569;2021-08-13;4427827;36715940;4693540;32156493;3810641
570;2021-08-14;4435008;36789007;4693540;32192576;3816285
571;2021-08-15;4440669;36835795;4693540;32225513;3821013
572;2021-08-16;4444338;37030150;4719266;32250679;3823139
573;2021-08-17;4449606;37180741;4733602;32285857;3827051
574;2021-08-18;4456765;37348343;4745558;32322258;3835375
575;2021-08-19;4464005;37503564;4758003;32358829;3843775
576;2021-08-20;4471225;37742638;4770453;32393286;3853055
577;2021-08-21;4478691;37834834;4770453;32424234;3861147
578;2021-08-22;4484613;37879037;4770453;32449306;3868197
579;2021-08-23;4488779;38087262;4794352;32474773;3871865
580;2021-08-24;4494857;38241722;4804424;32512366;3877612
581;2021-08-25;4502396;38420704;4815205;32558530;3889173
582;2021-08-26;4509611;38604475;4822320;32603188;3901799
583;2021-08-27;4517434;38843147;4831809;32649947;3913828
584;2021-08-28;4524292;38922036;4831809;32695030;3924131
585;2021-08-29;4530246;38974047;4831809;32737939;3932547
586;2021-08-30;4534499;39203261;4847298;32768880;3937106
587;2021-08-31;4539991;39383222;4855065;32810845;3942856
588;2021-09-01;4546487;39573739;4861883;32857937;3956387
589;2021-09-02;4553241;39752874;4871444;32903289;3970102
590;2021-09-03;4559970;39988318;4877755;32945907;3984353
591;2021-09-04;4566126;40074226;4877755;32988673;3995188
592;2021-09-05;4571440;40137731;4877755;33027621;4005641
593;2021-09-06;4574787;40231470;4887112;33058843;4010390
594;2021-09-07;4579502;40440640;4892640;33096718;4017116
595;2021-09-08;4585423;40617567;4898258;33139981;4030681
596;2021-09-09;4590941;40783985;4903021;33174954;4046112
597;2021-09-10;4596558;41025994;4907461;33208330;4059081
598;2021-09-11;4601749;41115125;4907461;33236921;4070295
599;2021-09-12;4606413;41163477;4907461;33264175;4077640
600;2021-09-13;4609205;41374256;4915265;33289579;4083151
601;2021-09-14;4613214;41519660;4918526;33316755;4089476
602;2021-09-15;4618040;41692913;4922249;33347325;4101931
603;2021-09-16;4623155;41851690;4926324;33381728;4114856
604;2021-09-17;4627699;42062552;4929546;33417390;4125878
605;2021-09-18;4632275;42137525;4929546;33448163;4134779
606;2021-09-19;4636111;42182396;4929546;33478419;4142116
607;2021-09-20;4638516;42354198;4935534;33504534;4145852
608;2021-09-21;4641890;42475936;4937984;33531498;4150516
609;2021-09-22;4645853;42607288;4940824;33563421;4160970
610;2021-09-23;4649906;42736457;4943855;33594803;4171666
611;2021-09-24;4653696;42911223;4946601;33624419;4181393
612;2021-09-25;4657215;42971718;4946601;33652745;4188604
613;2021-09-26;4660314;43026035;4946601;33678786;4196378
614;2021-09-27;4662087;43181981;4951640;33697581;4199400
615;2021-09-28;4665049;43294733;4953930;33716451;4203571
616;2021-09-29;4668261;43416122;4956691;33739980;4215351
617;2021-09-30;4672355;43526508;4959091;33766707;4227501
618;2021-10-01;4675758;43681338;4961128;33791061;4237619
619;2021-10-02;4679067;43729543;4961128;33813903;4246136
620;2021-10-03;4682034;43774321;4961128;33834702;4252300
621;2021-10-04;4683646;43917236;4965399;33853048;4255388
622;2021-10-05;4686109;44012469;4967200;33871881;4260187
623;2021-10-06;4689341;44124642;4969503;33894312;4271734
624;2021-10-07;4692274;44226168;4971310;33915569;4283378
625;2021-10-08;4695291;44357583;4973619;33935309;4293807
626;2021-10-09;4698038;44396410;4973619;33953475;4302661
627;2021-10-10;4700316;44436080;4973619;33971607;4310273
628;2021-10-11;4701832;44532144;4977448;33985920;4313384
629;2021-10-12;4704318;44642750;4977448;34001743;4318355
630;2021-10-13;4707087;44751214;4980206;34020730;4330258
631;2021-10-14;4709753;44838161;4982138;34037592;4342640
632;2021-10-15;4712482;44947641;4984386;34053573;4354158
633;2021-10-16;4715464;44987425;4984386;34067719;4365107
634;2021-10-17;4717899;45019082;4984386;34081315;4373789
635;2021-10-18;4719493;45118033;4988878;34094373;4377845
636;2021-10-19;4722188;45199950;4990767;34108996;4384616
637;2021-10-20;4725887;45291570;4993295;34127450;4401631
638;2021-10-21;4729678;45369652;4995176;34143236;4417708
639;2021-10-22;4733557;45465604;4997732;34159562;4437280
640;2021-10-23;4737462;45498024;4997732;34175468;4452425
641;2021-10-24;4741185;45517194;4997732;34189774;4466157
642;2021-10-25;4743720;45629766;5002217;34202202;4472730
643;2021-10-26;4747773;45696423;5004143;34215653;4483203
644;2021-10-27;4752368;45798986;5006675;34231809;4506415
645;2021-10-28;4757231;45874082;5008887;34246157;4534452
646;2021-10-29;4762563;45969188;5011148;34260470;4559120
647;2021-10-30;4767440;46003483;5011148;34273300;4580663
648;2021-10-31;4771965;46035809;5011148;34285814;4597550
649;2021-11-01;4774783;46149063;5011148;34296237;4607208
650;2021-11-02;4777614;46217811;5016968;34308140;4618021
651;2021-11-03;4782802;46303405;5019255;34321025;4638419
652;2021-11-04;4788704;46384843;5022546;34333754;4672368
653;2021-11-05;4795465;46481701;5025639;34344683;4709488
654;2021-11-06;4802225;46516562;5025639;34355509;4743490
655;2021-11-07;4808047;46553390;5025639;34366987;4767033
656;2021-11-08;4812594;46664140;5032056;34377113;4782546
657;2021-11-09;4818705;46742499;5032056;34388579;4804378
658;2021-11-10;4826738;46837569;5038517;34401670;4844054
659;2021-11-11;4835435;46895213;5042803;34414186;4894250
660;2021-11-12;4843957;47038724;5047156;34426036;4942890
661;2021-11-13;4852496;47082676;5047156;34437307;4987971
662;2021-11-14;4860061;47114588;5047156;34447536;5021469
663;2021-11-15;4865260;47248624;5056954;34456401;5045076
664;2021-11-16;4873075;47335895;5061045;34466598;5077124
665;2021-11-17;4883242;47448742;5067712;34478517;5129950
666;2021-11-18;4893887;47558569;5074027;34489623;5195321
667;2021-11-19;4904441;47685444;5080663;34499925;5248291
668;2021-11-20;4915981;47730805;5080663;34510413;5312215
669;2021-11-21;4925688;47770637;5080663;34518901;5354942
670;2021-11-22;4932091;47915253;5096538;34526480;5385585
671;2021-11-23;4942135;48006598;5103315;34535763;5430911
672;2021-11-24;4954585;48118178;5111842;34544882;5497795
673;2021-11-25;4968341;48157497;5121100;34555431;5573756
674;2021-11-26;4982022;48210918;5131012;34563749;5650170
675;2021-11-27;4994891;48237457;5131012;34572523;5717295
676;2021-11-28;5007818;48280606;5131012;34580832;5761696
677;2021-11-29;5015790;48466899;5153923;34587822;5791060
678;2021-11-30;5028547;48584004;5164184;34596776;5836813
679;2021-12-01;5043620;48721118;5174720;34606541;5903999
680;2021-12-02;5060430;48859969;5189220;34615757;5977208
681;2021-12-03;5077445;49018581;5202958;34624360;6051560
682;2021-12-04;5094072;49084922;5202958;34624360;6116070
683;2021-12-05;5109082;49140106;5202958;34641561;6158125
684;2021-12-06;5118576;49317792;5202958;34648383;6185961
685;2021-12-07;5134318;49431052;5246766;34656822;6222020
686;2021-12-08;5152264;49580964;5246766;34666241;6291621
687;2021-12-09;5164780;49705495;5273178;34674643;6362232
688;2021-12-10;5185270;49863705;5290273;34682633;6423520
689;2021-12-11;5206305;49920293;5290190;34690510;6477217
690;2021-12-12;5225517;49972602;5290190;34697860;6509863
691;2021-12-13;5238221;50158088;5339992;34703644;6531606
692;2021-12-14;5258886;50270909;5366128;34710628;6562429
693;2021-12-15;5282076;50416755;5393268;34718602;6613730
694;2021-12-16;5308180;50558486;5422168;34726049;6670407
695;2021-12-17;5336795;50751140;5455527;34726049;6721375
696;2021-12-18;5364852;50830900;5455527;34733194;6764188
697;2021-12-19;5389155;50920099;5455527;34746838;6793536
698;2021-12-20;5405360;51160140;5535231;34752164;6809622
699;2021-12-21;5436143;51339553;5585054;34758481;6833050
700;2021-12-22;5472469;51583295;5645095;34765976;6878709
701;2021-12-23;5517054;51853055;5718007;34772626;6923636
702;2021-12-24;5567644;52101575;5718007;34779815;6959067
703;2021-12-25;5622431;52188230;5718007;34786802;6981281
704;2021-12-26;5647313;52366617;5718007;34793333;6991381
705;2021-12-27;5678112;52867185;5932626;34799691;7005289
706;2021-12-28;5756412;53229218;6032297;34808886;7026369
707;2021-12-29;5854428;53731325;6133057;34822040;7066412
708;2021-12-30;5981428;54322023;6294745;34838804;7109182
709;2021-12-31;6125683;54835643;6294745;34861579;7150422
710;2022-01-01;6266939;55024406;6294745;34889132;7176814
711;2022-01-02;6328076;55310363;6294745;34922882;7189329
712;2022-01-03;6396110;56355318;6667511;34960261;7207847
713;2022-01-04;6566947;57167536;6785286;35018358;7238408
714;2022-01-05;6756035;57830141;6922466;35109286;7297320
715;2022-01-06;6975465;58665163;6922466;35226386;7361660
716;2022-01-07;7083762;59534923;7164906;35368372;7417995
717;2022-01-08;7281297;59932617;7164906;35528004;7473884
718;2022-01-09;7436939;60417642;7164906;35707727;7510436
719;2022-01-10;7554344;61801540;7457300;35875790;7535691
720;2022-01-11;7774863;62588935;7592242;36070510;7581381
721;2022-01-12;7971068;63437572;7771367;36317927;7661811
722;2022-01-13;8155645;64298917;7930528;36582129;7743228
723;2022-01-14;8356514;65178977;8093036;36850962;7835451
724;2022-01-15;8549450;65587291;8093036;37122164;7913473
725;2022-01-16;8706915;66067093;8093036;37380253;7965977
726;2022-01-17;8790302;66742225;8424503;37618271;8000122
727;2022-01-18;9018425;67871738;8518975;37901241;8074527
728;2022-01-19;9219391;68779865;8676916;38218773;8186850
729;2022-01-20;9418256;69512462;8834363;38566027;8320386
730;2022-01-21;9603856;70353550;8975458;38903731;8460546
731;2022-01-22;9781191;70656050;8975458;39237264;8596007
732;2022-01-23;9923678;71021496;8975458;39543328;8681447
733;2022-01-24;10001344;71943648;9280890;39799202;8744840
734;2022-01-25;10212621;72436733;9395767;40085116;8871795
735;2022-01-26;10383561;73060791;9529320;40371500;9035795
736;2022-01-27;10539601;73567049;9660208;40622709;9238931
737;2022-01-28;10683948;74181123;9779130;40858241;9429079
738;2022-01-29;10821375;74359742;9779130;41092522;9618245
739;2022-01-30;10925485;74557703;9779130;41302440;9737215
740;2022-01-31;10983116;75099943;9961253;41469499;9815533
741;2022-02-01;11116422;75425352;10039126;41630885;9978146
742;2022-02-02;11235745;75754890;10125348;41803318;10186644
743;2022-02-03;11348701;76029693;10199716;41952712;10422764
744;2022-02-04;11449601;76384662;10199716;42080664;10671602
745;2022-02-05;11542793;76471091;10199716;42188138;10889417
746;2022-02-06;11621736;76554567;10199716;42272014;11022590
747;2022-02-07;11663338;76901004;10395471;42339611;11117857
748;2022-02-08;11765767;77115372;10439302;42410976;11287428
749;2022-02-09;11847436;77303778;10502141;42478060;11521678
750;2022-02-10;11923631;77475187;10555196;42536137;11769540
751;2022-02-11;11991109;77684502;10604200;42586544;12009712
752;2022-02-12;12053330;77736367;10604200;42631421;12219501
753;2022-02-13;12105675;77794688;10604200;42665534;12344661
754;2022-02-14;12134451;77964868;10672906;42692943;12421126
755;2022-02-15;12205474;78076038;10707286;42723558;12580343
756;2022-02-16;12265343;78190855;10744394;42754315;12800315
757;2022-02-17;12323398;78292544;10778607;42780235;13035941
758;2022-02-18;12377098;78437714;10809222;42802505;13255989
759;2022-02-19;12427773;78469121;10809222;42822473;13445094
760;2022-02-20;12469975;78492125;10809222;42838524;13563126
761;2022-02-21;12494459;78575012;10858000;42851929;13636993
762;2022-02-22;12554596;78664344;10880193;42867031;13762895
763;2022-02-23;12603758;78749480;10914105;42881179;13971947
764;2022-02-24;12651251;78816551;10949997;42894345;14188269
765;2022-02-25;12693320;78890923;10977524;42905844;14399012
766;2022-02-26;12732680;78938335;10977524;42916117;14574845
767;2022-02-27;12764558;78956555;10977524;42924130;14682758
768;2022-02-28;12782836;79055469;10977524;42931045;14745107
769;2022-03-01;12829972;79102176;11036085;42938599;14867218
770;2022-03-02;12867918;79155578;11054888;42945160;15053624
771;2022-03-03;12910506;79204186;11078028;42951556;15264297
772;2022-03-04;12948859;79255446;11100428;42957477;15481890
773;2022-03-05;12990223;79270366;11100428;42962953;15674100
774;2022-03-06;13026112;79282761;11100428;42967315;15790989
775;2022-03-07;13048774;79346841;11136425;42971308;15869417
776;2022-03-08;13109527;79376595;11159574;42975883;16026216
777;2022-03-09;13159342;79414294;11181510;42980067;16242070
778;2022-03-10;13214498;79460871;11204125;42984261;16504822
779;2022-03-11;13268459;79510580;11223974;42987875;16757658
780;2022-03-12;13323179;79520798;11223974;42990991;16994744
781;2022-03-13;13373207;79531848;11223974;42993494;17141351
782;2022-03-14;13402905;79567232;11223974;42996062;17233729
783;2022-03-15;13489319;79591607;11260040;42998938;17432617
784;2022-03-16;13563466;79637736;11260040;43001477;17695210
785;2022-03-17;13645834;79690908;11260040;43004005;17990141
786;2022-03-18;13724411;79722268;11324637;43006080;18287986
787;2022-03-19;13800179;79733147;11324637;43007841;18548225
788;2022-03-20;13861743;79744598;11324637;43009390;18680017
789;2022-03-21;13895188;79786872;11324637;43010971;18772331
790;2022-03-22;13992092;79811434;11378784;43012749;18994411
791;2022-03-23;14070450;79852447;11378784;43014687;19278143
792;2022-03-24;14153098;79895441;11378784;43016372;19596530
793;2022-03-25;14229495;79941876;11451676;43018032;19893028
794;2022-03-26;14304111;79951310;11451676;43019453;20145054
795;2022-03-27;14364723;79963100;11451676;43020723;20256278
796;2022-03-28;14396283;80002070;11451676;43021982;20323779
797;2022-03-29;14496579;80026251;11508309;43023215;20561131
798;2022-03-30;14567990;80065433;11508309;43024440;20829608
799;2022-03-31;14642354;80111066;11508309;43025775;21357095
800;2022-04-01;14719394;80143284;11551574;43027035;21357039
801;2022-04-02;14790806;80155090;11551574;43028131;21553495
802;2022-04-03;14845815;80159845;11551574;43029044;21668677
803;2022-04-04;14877144;80188749;11551574;43029839;21668677
804;2022-04-05;14966058;80214352;11578653;43030925;21849074
805;2022-04-06;15035943;80255299;11578653;43031958;22265788
806;2022-04-07;15106066;80305934;11578653;43033067;22441051
807;2022-04-08;15173707;80380956;11627487;43034217;22591726
808;2022-04-09;15238128;80393668;11627487;43035271;22647197
809;2022-04-10;15292048;80403199;11627487;43036132;22677986
810;2022-04-11;15320753;80443540;11627487;43036928;22878428
811;2022-04-12;15404809;80479277;11662214;43038016;23017079
812;2022-04-13;15467395;80534663;11662214;43039023;23182447
813;2022-04-14;15533012;80585321;11662214;43039972;23339311
814;2022-04-15;15595302;80620763;11662214;43040947;23376879
815;2022-04-16;15659835;80633098;11662214;43042097;23416663
816;2022-04-17;15712088;80640602;11662214;43044280;23437145
817;2022-04-18;15730676;80701989;11662214;43045527;23459628
818;2022-04-19;15758002;80741248;11736893;43047594;23658211
819;2022-04-20;15858442;80810185;11736893;43049974;23844536
820;2022-04-21;15934437;80871880;11736893;43052425;24006254
821;2022-04-22;16008181;80961932;11786036;43054952;24141333
822;2022-04-23;16079209;80981661;11786036;43057545;24180512
823;2022-04-24;16136057;80995149;11786036;43060086;24200596
824;2022-04-25;16161339;81065351;11786036;43060097;24337394
825;2022-04-26;16191323;81110700;11833457;43065496;24337394
826;2022-04-27;16279754;81200714;11833457;43068799;24609159
827;2022-04-28;16349788;81278067;11833457;43072176;24710769
828;2022-04-29;16409183;81339256;11896152;43075864;24798067
829;2022-04-30;16463200;81363235;11896152;43079188;24809785
830;2022-05-01;16504791;81379937;11896152;43082345;24813817
831;2022-05-02;16523859;81474641;11896152;43084913;24927339
832;2022-05-03;16586268;81524230;11953481;43088118;25033970
833;2022-05-04;16633911;81636254;11953481;43091393;25130137
834;2022-05-05;16682626;81724803;11953481;43094938;25215210
835;2022-05-06;16726990;81853564;12009059;43098743;25287462
836;2022-05-07;16767773;81881384;12009059;43102194;25295950
837;2022-05-08;16798998;81887147;12009059;43105401;25299300
838;2022-05-09;16816419;82017157;12058888;43107689;25406868
839;2022-05-10;16872618;82087401;12058888;43110586;25503878
840;2022-05-11;16915301;82247584;12058888;43113413;25592839
841;2022-05-12;16954784;82361565;12058888;43116254;25661838
842;2022-05-13;16993813;82448938;12127122;43119112;25723697
843;2022-05-14;17030147;82465995;12127122;43121599;25729848
844;2022-05-15;17057873;82498105;12127122;43123801;25732153
845;2022-05-16;17071649;82676813;12127122;43125370;25818405
846;2022-05-17;17116550;82761403;12179234;43127199;25890456
847;2022-05-18;17147477;82965157;12179234;43129563;25949175
848;2022-05-19;17178199;83100311;12179234;43131822;25998085
849;2022-05-20;17205017;83249345;12179234;43134145;26040460
850;2022-05-21;17229263;83276275;12234806;43136371;26044283
851;2022-05-22;17247552;83295857;12234806;43138393;26045528
852;2022-05-23;17257573;83438314;12234806;43140068;26109965
853;2022-05-24;17288287;83521318;12238073;43142192;26159106
854;2022-05-25;17312432;83731367;12238073;43144820;26198811
855;2022-05-26;17333299;83876814;12280345;43147530;26200663
856;2022-05-27;17355119;83984777;12326264;43150215;26240639
857;2022-05-28;17373741;83997459;12326264;43153043;26243352
858;2022-05-29;17388877;84003227;12326264;43155749;26244107
859;2022-05-30;17396723;84064138;12326264;43158087;26305996
860;2022-05-31;17421410;84233920;12326264;43160832;26360953
861;2022-06-01;17440232;84460998;12360256;43164544;26409455
862;2022-06-02;17457950;84582387;12360256;43168585;26452148
863;2022-06-03;17467642;84739446;12403245;43172547;26493235
864;2022-06-04;17490451;84765602;12403245;43176817;26493235
865;2022-06-05;17505973;84780058;12403245;43181335;26496611
866;2022-06-06;17514589;84941188;12403245;43185049;26498361
867;2022-06-07;17543136;85026595;12436538;43190282;26583016
868;2022-06-08;17566061;85224597;12436538;43197522;26660652
869;2022-06-09;17589595;85366511;12436538;43205106;26738530
870;2022-06-10;17611607;85472828;12478994;43213435;26803867
871;2022-06-11;17634065;85506177;12478994;43222017;26803867
872;2022-06-12;17653375;85515529;12478994;43230101;26809245
873;2022-06-13;17664043;85632808;12478994;43236695;26915085
874;2022-06-14;17703887;85758638;12515127;43245517;27007429
875;2022-06-15;17736696;85941735;12515127;43257730;27096571
