doubling every two days;doubling every 4 days;doubling every 10 days;Italy;US;Spain;India;Germany;date
100.0;100.0;100.0;20.0;11.0;13.0;28.0;12.0;0
141.4213562373095;118.9207115002721;107.17734625362931;62.0;11.0;15.0;30.0;12.0;1
200.0;141.4213562373095;114.86983549970351;155.0;11.0;32.0;31.0;12.0;2
282.842712474619;168.1792830507429;123.11444133449163;229.0;12.0;45.0;34.0;12.0;3
400.0;200.0;131.9507910772894;322.0;12.0;84.0;39.0;13.0;4
565.685424949238;237.8414230005442;141.4213562373095;453.0;12.0;120.0;43.0;13.0;5
800.0;282.842712474619;151.5716566510398;655.0;12.0;165.0;56.0;14.0;6
1131.370849898476;336.3585661014858;162.4504792712471;888.0;12.0;222.0;62.0;14.0;7
1600.0;400.0;174.11011265922482;1128.0;13.0;259.0;73.0;16.0;8
2262.741699796952;475.6828460010884;186.60659830736148;1694.0;13.0;400.0;82.0;16.0;9
3200.0;565.685424949238;200.0;2036.0;14.0;500.0;102.0;16.0;10
4525.483399593904;672.7171322029716;214.35469250725862;2502.0;14.0;673.0;113.0;16.0;11
6400.0;800.0;229.73967099940697;3089.0;14.0;1073.0;119.0;16.0;12
9050.966799187809;951.3656920021768;246.22888266898326;3858.0;14.0;1695.0;142.0;16.0;13
12800.0;1131.370849898476;263.9015821545788;4636.0;14.0;2277.0;156.0;16.0;14
18101.933598375617;1345.4342644059432;282.842712474619;5883.0;14.0;2277.0;194.0;16.0;15
25600.0;1600.0;303.14331330207966;7375.0;14.0;5232.0;244.0;16.0;16
36203.867196751235;1902.7313840043537;324.9009585424942;9172.0;14.0;6391.0;330.0;16.0;17
51200.0;2262.741699796952;348.22022531844965;10149.0;16.0;7798.0;396.0;16.0;18
72407.73439350247;2690.8685288118863;373.21319661472296;12462.0;16.0;9942.0;499.0;16.0;19
102400.0;3200.0;400.0;15113.0;16.0;11748.0;536.0;16.0;20
144815.46878700494;3805.4627680087074;428.70938501451724;17660.0;16.0;13910.0;657.0;16.0;21
204800.0;4525.483399593904;459.47934199881405;21157.0;16.0;17963.0;727.0;16.0;22
289630.9375740099;5381.737057623773;492.4577653379664;24747.0;16.0;20410.0;887.0;21.0;23
409600.0;6400.0;527.8031643091576;27980.0;17.0;25374.0;987.0;26.0;24
579261.8751480198;7610.925536017415;565.685424949238;31506.0;17.0;28768.0;1024.0;53.0;25
819200.0;9050.966799187809;606.2866266041593;35713.0;25.0;35136.0;1251.0;66.0;26
1158523.7502960395;10763.474115247545;649.8019170849884;41035.0;32.0;39885.0;1397.0;117.0;27
1638400.0;12800.0;696.4404506368992;47021.0;55.0;49515.0;1998.0;150.0;28
2317047.500592079;15221.85107203483;746.4263932294459;53578.0;74.0;57786.0;2543.0;188.0;29
3276800.0;18101.933598375617;800.0;59138.0;107.0;65719.0;2567.0;240.0;30
4634095.001184158;21526.94823049509;857.4187700290345;63927.0;184.0;73235.0;3082.0;349.0;31
6553600.0;25600.0;918.9586839976281;69176.0;237.0;80110.0;3588.0;534.0;32
9268190.002368316;30443.70214406966;984.9155306759328;74386.0;403.0;87956.0;4778.0;684.0;33
13107200.0;36203.867196751235;1055.6063286183153;80589.0;519.0;95923.0;5311.0;847.0;34
18536380.004736632;43053.89646099018;1131.370849898476;86498.0;594.0;104118.0;5916.0;1112.0;35
26214400.0;51200.0;1212.5732532083186;92472.0;782.0;112065.0;6725.0;1296.0;36
37072760.009473264;60887.40428813932;1299.6038341699768;97689.0;1147.0;119199.0;7598.0;1567.0;37
52428800.0;72407.73439350247;1392.8809012737984;101739.0;1586.0;126168.0;8446.0;2369.0;38
74145520.01894653;86107.79292198036;1492.8527864588918;105792.0;2219.0;131646.0;9205.0;3062.0;39
;;;110574.0;2978.0;136675.0;10453.0;3795.0;40
;;;115242.0;3212.0;141942.0;11487.0;4838.0;41
;;;119827.0;4679.0;148220.0;12322.0;6012.0;42
;;;124632.0;6512.0;153222.0;13430.0;7156.0;43
;;;128948.0;9169.0;158273.0;14352.0;8198.0;44
;;;132547.0;13663.0;163027.0;15722.0;10999.0;45
;;;135586.0;20030.0;166831.0;17615.0;13957.0;46
;;;139422.0;26025.0;170099.0;18539.0;16662.0;47
;;;143626.0;34944.0;172541.0;20080.0;18610.0;48
;;;147577.0;46096.0;177644.0;21370.0;22672.0;49
;;;152271.0;56714.0;184948.0;23077.0;27436.0;50
;;;156363.0;68841.0;190839.0;24530.0;31554.0;51
;;;159516.0;86662.0;191726.0;26283.0;36508.0;52
;;;162488.0;105253.0;198674.0;27890.0;42288.0;53
;;;165155.0;127417.0;200210.0;29451.0;48582.0;54
;;;168941.0;143544.0;204178.0;31324.0;52547.0;55
;;;172434.0;165698.0;208389.0;33062.0;57298.0;56
;;;175925.0;192079.0;213024.0;34863.0;61913.0;57
;;;178972.0;223254.0;202990.0;37257.0;67366.0;58
;;;181228.0;255530.0;205905.0;39699.0;73522.0;59
;;;183957.0;287931.0;207634.0;42505.0;79696.0;60
;;;187327.0;319776.0;209465.0;46437.0;85778.0;61
;;;189973.0;349016.0;210773.0;49400.0;91714.0;62
;;;192994.0;380798.0;212917.0;52987.0;95391.0;63
;;;195351.0;410834.0;213435.0;56351.0;99225.0;64
;;;197675.0;441897.0;215216.0;59695.0;103228.0;65
;;;199414.0;477507.0;216582.0;62808.0;108202.0;66
;;;201505.0;511790.0;217466.0;67161.0;113525.0;67
;;;203591.0;540714.0;218011.0;70768.0;117658.0;68
;;;205463.0;567022.0;219329.0;74292.0;120479.0;69
;;;207428.0;594165.0;220325.0;78055.0;123016.0;70
;;;209328.0;622493.0;221447.0;81997.0;125098.0;71
;;;210717.0;648390.0;222857.0;85784.0;127584.0;72
;;;211938.0;678028.0;223578.0;90648.0;130450.0;73
;;;213013.0;711135.0;224350.0;95698.0;133830.0;74
;;;214457.0;738464.0;227436.0;100328.0;137439.0;75
;;;215858.0;763886.0;228030.0;106475.0;139897.0;76
;;;217185.0;793970.0;228691.0;112028.0;141672.0;77
;;;218268.0;820045.0;229540.0;118226.0;143457.0;78
;;;219070.0;849926.0;230183.0;124794.0;145694.0;79
;;;219814.0;881891.0;230698.0;131423.0;148046.0;80
;;;221216.0;913856.0;230698.0;138536.0;150383.0;81
;;;222104.0;944770.0;231606.0;144950.0;152438.0;82
;;;223096.0;970741.0;232037.0;150793.0;154175.0;83
;;;223885.0;995391.0;232555.0;158086.0;155193.0;84
;;;224760.0;1019964.0;233037.0;165386.0;156337.0;85
;;;225435.0;1046816.0;234824.0;173491.0;157641.0;86
;;;225886.0;1076518.0;235290.0;181827.0;159119.0;87
;;;226699.0;1111410.0;235772.0;190609.0;160758.0;88
;;;227364.0;1138174.0;235400.0;198370.0;161703.0;89
;;;228006.0;1161907.0;236259.0;207191.0;162496.0;90
;;;228658.0;1185709.0;236259.0;216824.0;163175.0;91
;;;229327.0;1209728.0;237906.0;226713.0;163860.0;92
;;;229858.0;1234210.0;238564.0;236184.0;164807.0;93
;;;230158.0;1261949.0;239228.0;246622.0;166091.0;94
;;;230555.0;1289132.0;239479.0;257486.0;167300.0;95
;;;231139.0;1313586.0;239638.0;265928.0;168551.0;96
;;;231732.0;1332333.0;239932.0;276146.0;169218.0;97
;;;232248.0;1351410.0;240326.0;286605.0;169575.0;98
;;;232664.0;1374792.0;240660.0;297535.0;170508.0;99
;;;232997.0;1394807.0;240978.0;308993.0;171306.0;100
;;;233197.0;1420697.0;241310.0;320922.0;172239.0;101
;;;233515.0;1445548.0;241550.0;332424.0;173152.0;102
;;;233836.0;1469598.0;241717.0;343091.0;173772.0;103
;;;234013.0;1488327.0;241966.0;354065.0;174355.0;104
;;;234531.0;1510635.0;242280.0;366946.0;174697.0;105
;;;234801.0;1531138.0;242707.0;380532.0;175210.0;106
;;;234998.0;1553964.0;243209.0;395048.0;176007.0;107
;;;235278.0;1579116.0;243605.0;410451.0;176752.0;108
;;;235561.0;1602945.0;243928.0;425282.0;177212.0;109
;;;235763.0;1623134.0;244109.0;440215.0;177850.0;110
;;;236142.0;1643308.0;244328.0;456183.0;178281.0;111
;;;236305.0;1662402.0;244683.0;473105.0;178570.0;112
;;;236651.0;1681128.0;245268.0;490401.0;179002.0;113
;;;236989.0;1699891.0;245575.0;508953.0;179364.0;114
;;;237290.0;1721158.0;245938.0;528859.0;179717.0;115
;;;237500.0;1746240.0;246272.0;548318.0;180458.0;116
;;;237828.0;1769320.0;246504.0;566840.0;181196.0;117
;;;238159.0;1788239.0;246752.0;585481.0;181482.0;118
;;;238011.0;1806079.0;247086.0;604641.0;181815.0;119
;;;238275.0;1826169.0;247486.0;625544.0;182028.0;120
;;;238499.0;1845325.0;247905.0;648315.0;182370.0;121
;;;238720.0;1873259.0;248469.0;673165.0;182764.0;122
;;;238833.0;1899699.0;248770.0;697413.0;183271.0;123
;;;239410.0;1919968.0;248970.0;719664.0;183678.0;124
;;;239706.0;1937794.0;249271.0;742417.0;183979.0;125
;;;239961.0;1954694.0;249659.0;767296.0;184193.0;126
;;;240136.0;1975015.0;250103.0;793802.0;184543.0;127
;;;240310.0;1996733.0;250545.0;820916.0;184861.0;128
;;;240436.0;2019011.0;250545.0;849522.0;185416.0;129
;;;240578.0;2044569.0;250545.0;878254.0;185674.0;130
;;;240760.0;2068726.0;251789.0;906752.0;186022.0;131
;;;240961.0;2087627.0;252130.0;936181.0;186269.0;132
;;;241184.0;2108626.0;252513.0;968857.0;186461.0;133
;;;241419.0;2133175.0;253056.0;1003832.0;186839.0;134
;;;241611.0;2160225.0;253908.0;1039084.0;187184.0;135
;;;241819.0;2188452.0;253908.0;1077781.0;187764.0;136
;;;241956.0;2219506.0;253908.0;1118206.0;188534.0;137
;;;242149.0;2251332.0;255953.0;1155338.0;189135.0;138
;;;242363.0;2277168.0;256619.0;1193078.0;189822.0;139
;;;242639.0;2306969.0;257494.0;1238798.0;190359.0;140
;;;242827.0;2345698.0;258855.0;1288108.0;190862.0;141
;;;243061.0;2381949.0;260255.0;1337024.0;191449.0;142
;;;243230.0;2421248.0;260255.0;1385635.0;192079.0;143
;;;243344.0;2470294.0;260255.0;1435616.0;192556.0;144
;;;243506.0;2511048.0;264836.0;1480073.0;193243.0;145
;;;243736.0;2553973.0;266194.0;1531669.0;193499.0;146
;;;243967.0;2595268.0;267551.0;1581963.0;193761.0;147
;;;244216.0;2645092.0;270166.0;1634746.0;194259.0;148
;;;244434.0;2694215.0;272421.0;1695988.0;194725.0;149
;;;244624.0;2749158.0;272421.0;1750723.0;195228.0;150
;;;244752.0;2800662.0;272421.0;1803695.0;195674.0;151
;;;245032.0;2846608.0;278782.0;1855745.0;196096.0;152
;;;245338.0;2900336.0;280610.0;1908254.0;196335.0;153
;;;245590.0;2943501.0;282641.0;1964536.0;196554.0;154
;;;245864.0;3000732.0;285430.0;2027074.0;196944.0;155
;;;246118.0;3061038.0;288522.0;2088611.0;197341.0;156
;;;246286.0;3120694.0;288522.0;2153010.0;197783.0;157
;;;246488.0;3189553.0;288522.0;2215074.0;198178.0;158
;;;246776.0;3249992.0;297054.0;2268675.0;198556.0;159
;;;247158.0;3310124.0;302814.0;2329638.0;198804.0;160
;;;247537.0;3369488.0;305767.0;2396637.0;198963.0;161
;;;247832.0;3435150.0;309855.0;2461190.0;199375.0;162
;;;248070.0;3501176.0;314362.0;2525922.0;199726.0;163
;;;248229.0;3571990.0;314362.0;2589952.0;200260.0;164
;;;248419.0;3638462.0;314362.0;2647663.0;200843.0;165
;;;248803.0;3702784.0;322980.0;2702681.0;201372.0;166
;;;249204.0;3761716.0;326612.0;2767253.0;201574.0;167
;;;249756.0;3822379.0;329784.0;2836925.0;201823.0;168
;;;250103.0;3890573.0;337334.0;2905825.0;202345.0;169
;;;250566.0;3958118.0;342813.0;2975701.0;202799.0;170
;;;250825.0;4026004.0;342813.0;3044940.0;203368.0;171
;;;251237.0;4101151.0;342813.0;3106348.0;204183.0;172
;;;251713.0;4165351.0;359082.0;3167323.0;204964.0;173
;;;252235.0;4221190.0;364196.0;3224547.0;205269.0;174
;;;252809.0;4280914.0;370867.0;3310234.0;205609.0;175
;;;253438.0;4345744.0;377906.0;3387500.0;206242.0;176
;;;253915.0;4409872.0;386054.0;3463972.0;206926.0;177
;;;254235.0;4479113.0;386054.0;3542733.0;207828.0;178
;;;254636.0;4543689.0;386054.0;3621245.0;208698.0;179
;;;255278.0;4601267.0;405436.0;3691166.0;209653.0;180
;;;256118.0;4648376.0;412553.0;3769523.0;209893.0;181
;;;257065.0;4690060.0;419849.0;3853406.0;210402.0;182
;;;258136.0;4751717.0;429507.0;3936747.0;211281.0;183
;;;259345.0;4806065.0;439286.0;4023179.0;212022.0;184
;;;260298.0;4866245.0;439286.0;4113811.0;213067.0;185
;;;261174.0;4926832.0;439286.0;4204613.0;214214.0;186
;;;262540.0;4990765.0;462858.0;4280422.0;215336.0;187
;;;263949.0;5045032.0;470973.0;4370128.0;215891.0;188
;;;265409.0;5096649.0;479554.0;4465863.0;216327.0;189
;;;266853.0;5153604.0;488513.0;4562414.0;217293.0;190
;;;268218.0;5208848.0;498989.0;4659984.0;218519.0;191
;;;269214.0;5260504.0;498989.0;4754356.0;219964.0;192
;;;270189.0;5330629.0;498989.0;4846427.0;221413.0;193
;;;271515.0;5383024.0;525549.0;4930236.0;222828.0;194
;;;272912.0;5417686.0;534513.0;5020359.0;223453.0;195
;;;274644.0;5455535.0;543379.0;5118253.0;224014.0;196
;;;276338.0;5500437.0;554143.0;5214677.0;225404.0;197
;;;277634.0;5546321.0;566326.0;5308014.0;226914.0;198
;;;278784.0;5591449.0;566326.0;5400619.0;228621.0;199
;;;280153.0;5639040.0;566326.0;5487580.0;230048.0;200
;;;281583.0;5684713.0;593730.0;5562663.0;232082.0;201
;;;283180.0;5716624.0;603167.0;5646010.0;232864.0;202
;;;284796.0;5750547.0;614360.0;5732518.0;233575.0;203
;;;286297.0;5793220.0;625651.0;5818570.0;234853.0;204
;;;287753.0;5835293.0;640040.0;5903932.0;236429.0;205
;;;288761.0;5885811.0;640040.0;5992532.0;237936.0;206
;;;289990.0;5932281.0;640040.0;6074702.0;239507.0;207
;;;291442.0;5975384.0;671468.0;6145291.0;240986.0;208
;;;293025.0;6009515.0;682267.0;6225763.0;241771.0;209
;;;294932.0;6042877.0;693556.0;6312584.0;242381.0;210
;;;296569.0;6084855.0;704209.0;6394068.0;243599.0;211
;;;298156.0;6124816.0;716481.0;6473544.0;244855.0;212
;;;299506.0;6169957.0;716481.0;6549373.0;246166.0;213
;;;300897.0;6218291.0;716481.0;6623815.0;247619.0;214
;;;302537.0;6261914.0;748266.0;6685082.0;248997.0;215
;;;304323.0;6291033.0;748266.0;6757131.0;249985.0;216
;;;306235.0;6315596.0;769188.0;6835655.0;250799.0;217
;;;308104.0;6342340.0;778607.0;6906151.0;252298.0;218
;;;309870.0;6375978.0;789932.0;6979423.0;253474.0;219
;;;311364.0;6415426.0;789932.0;7053806.0;255366.0;220
;;;313011.0;6460049.0;789932.0;7120538.0;256850.0;221
;;;314861.0;6505632.0;813412.0;7175880.0;258480.0;222
;;;317409.0;6545923.0;825410.0;7239389.0;259428.0;223
;;;319908.0;6578487.0;835901.0;7307097.0;260355.0;224
;;;322751.0;6615665.0;848324.0;7370468.0;261762.0;225
;;;325329.0;6653957.0;861112.0;7432680.0;263663.0;226
;;;327586.0;6699276.0;861112.0;7494551.0;265857.0;227
;;;330263.0;6749460.0;861112.0;7550273.0;267773.0;228
;;;333940.0;6795238.0;888968.0;7597063.0;270070.0;229
;;;338398.0;6836848.0;896086.0;7651107.0;271415.0;230
;;;343770.0;6868891.0;908056.0;7706946.0;272337.0;231
;;;349494.0;6907162.0;921374.0;7761312.0;274158.0;232
;;;354950.0;6948282.0;936560.0;7814682.0;275927.0;233
;;;359569.0;6997165.0;936560.0;7864811.0;278070.0;234
;;;365467.0;7044301.0;936560.0;7909959.0;280223.0;235
;;;372799.0;7087848.0;974449.0;7946429.0;282730.0;236
;;;381602.0;7121627.0;988322.0;7990322.0;284140.0;237
;;;391611.0;7159367.0;1005295.0;8040203.0;285332.0;238
;;;402536.0;7201400.0;1026281.0;8088851.0;287421.0;239
;;;414241.0;7240031.0;1046132.0;8137119.0;289219.0;240
;;;423578.0;7286275.0;1046132.0;8184082.0;291722.0;241
;;;434449.0;7339718.0;1046132.0;8229313.0;294395.0;242
;;;449648.0;7388999.0;1098320.0;8267623.0;296958.0;243
;;;465726.0;7422130.0;1116738.0;8313876.0;299237.0;244
;;;484869.0;7459487.0;1136503.0;8364086.0;300619.0;245
;;;504509.0;7504032.0;1160083.0;8411724.0;303258.0;246
;;;525782.0;7553169.0;1185678.0;8462080.0;306086.0;247
;;;542789.0;7611059.0;1185678.0;8507754.0;310144.0;248
;;;564778.0;7666138.0;1185678.0;8553657.0;314660.0;249
;;;589766.0;7721504.0;1240697.0;8591730.0;319381.0;250
;;;616595.0;7768404.0;1259366.0;8636011.0;322864.0;251
;;;647674.0;7810484.0;1284408.0;8683916.0;325331.0;252
;;;679430.0;7860607.0;1306316.0;8728795.0;329453.0;253
;;;709335.0;7919049.0;1328832.0;8773479.0;334585.0;254
;;;731588.0;7982586.0;1328832.0;8814579.0;341223.0;255
;;;759829.0;8052760.0;1328832.0;8845127.0;348557.0;256
;;;790377.0;8107592.0;1381218.0;8874290.0;356387.0;257
;;;824879.0;8159762.0;1381218.0;8912907.0;361974.0;258
;;;862681.0;8227644.0;1417709.0;8958483.0;366299.0;259
;;;902490.0;8289381.0;1437220.0;9004365.0;373167.0;260
;;;935104.0;8350087.0;1458591.0;9050597.0;380762.0;261
;;;960373.0;8429709.0;1458591.0;9095806.0;392049.0;262
;;;995463.0;8511369.0;1458591.0;9139865.0;403291.0;263
;;;1028424.0;8589744.0;1496864.0;9177840.0;418005.0;264
;;;1066401.0;8650719.0;1510023.0;9222216.0;429181.0;265
;;;1107303.0;8715283.0;1525341.0;9266705.0;437866.0;266
;;;1144552.0;8792506.0;1541574.0;9309787.0;449275.0;267
;;;1178529.0;8878983.0;1556730.0;9351109.0;464239.0;268
;;;1205881.0;8970276.0;1556730.0;9392919.0;481013.0;269
;;;1238072.0;9070125.0;1556730.0;9431691.0;499694.0;270
;;;1272352.0;9157468.0;1582616.0;9462809.0;518753.0;271
;;;1308528.0;9235298.0;1594844.0;9499413.0;532930.0;272
;;;1345767.0;9317105.0;1605066.0;9534964.0;545027.0;273
;;;1380531.0;9441871.0;1617355.0;9571559.0;560379.0;274
;;;1408868.0;9542133.0;1628208.0;9608211.0;577593.0;275
;;;1431795.0;9670214.0;1628208.0;9644222.0;597583.0;276
;;;1455022.0;9797270.0;1628208.0;9677203.0;619089.0;277
;;;1480874.0;9924334.0;1648187.0;9703770.0;642488.0;278
;;;1509875.0;10044007.0;1656444.0;9735850.0;658505.0;279
;;;1538217.0;10160963.0;1665775.0;9767371.0;671868.0;280
;;;1564532.0;10297515.0;1675902.0;9796744.0;687200.0;281
;;;1585178.0;10445197.0;1684647.0;9826775.0;705687.0;282
;;;1601554.0;10603993.0;1684647.0;9857029.0;727553.0;283
;;;1620901.0;10783511.0;1684647.0;9884100.0;751095.0;284
;;;1641610.0;10947561.0;1702328.0;9906165.0;773556.0;285
;;;1664829.0;11087276.0;1702328.0;9932547.0;790503.0;286
;;;1688939.0;11240364.0;1712101.0;9956557.0;801327.0;287
;;;1709991.0;11405011.0;1720056.0;9979447.0;815746.0;288
;;;1728878.0;11576980.0;1730575.0;10004599.0;833307.0;289
;;;1742557.0;11769281.0;1730575.0;10031223.0;855916.0;290
;;;1757394.0;11970950.0;1730575.0;10055560.0;879564.0;291
;;;1770149.0;12150770.0;1751884.0;10075116.0;902528.0;292
;;;1787147.0;12297357.0;1762212.0;10099066.0;918269.0;293
;;;1805873.0;12478869.0;1773290.0;10123778.0;929133.0;294
;;;1825775.0;12652431.0;1785421.0;10146845.0;942687.0;295
;;;1843712.0;12832643.0;1797236.0;10169118.0;961320.0;296
;;;1855737.0;12949894.0;1797236.0;10187850.0;983588.0;297
;;;1870576.0;13164528.0;1797236.0;10207871.0;1006394.0;298
;;;1888144.0;13332752.0;1819249.0;10224303.0;1028089.0;299
;;;1906377.0;13473104.0;1829903.0;10244852.0;1042700.0;300
;;;1921778.0;13628018.0;1842289.0;10266674.0;1053869.0;301
;;;1938083.0;13825134.0;1854951.0;10286709.0;1067473.0;302
;;;1953185.0;14021297.0;1854951.0;10305788.0;1084743.0;303
;;;1964054.0;14241519.0;1854951.0;10323965.0;1106789.0;304
;;;1977370.0;14476889.0;1854951.0;10340469.0;1130238.0;305
;;;1991278.0;14698899.0;1879413.0;10356844.0;1153556.0;306
;;;2009317.0;14878223.0;1893502.0;10374932.0;1171323.0;307
;;;2028354.0;15073683.0;1910218.0;10395278.0;1183655.0;308
;;;2038759.0;15300740.0;1928265.0;10413417.0;1197709.0;309
;;;2047696.0;15516747.0;1928265.0;10413417.0;1218524.0;310
;;;2056277.0;15753691.0;1928265.0;10450284.0;1242203.0;311
;;;2067487.0;15992593.0;1928265.0;10466595.0;1272078.0;312
;;;2083689.0;16217128.0;1958844.0;10479179.0;1300516.0;313
;;;2107166.0;16408725.0;1982544.0;10495147.0;1320716.0;314
;;;2129376.0;16618553.0;1982544.0;10512093.0;1337078.0;315
;;;2141201.0;16844868.0;2024904.0;10527683.0;1351510.0;316
;;;2155446.0;17079672.0;2050360.0;10542841.0;1379238.0;317
;;;2166244.0;17319918.0;2050360.0;10557985.0;1406161.0;318
;;;2181619.0;17567864.0;2050360.0;10571773.0;1439938.0;319
;;;2201945.0;17773715.0;2111782.0;10581823.0;1471238.0;320
;;;2220361.0;17960910.0;2137220.0;10595639.0;1494009.0;321
;;;2237890.0;18157768.0;2176089.0;10610883.0;1510652.0;322
;;;2257866.0;18363698.0;2211967.0;10625428.0;1530180.0;323
;;;2276491.0;18585139.0;2252164.0;10639684.0;1554920.0;324
;;;2289021.0;18798087.0;2252164.0;10654533.0;1587115.0;325
;;;2303263.0;18925265.0;2252164.0;10667736.0;1612648.0;326
;;;2319036.0;19142705.0;2336451.0;10676838.0;1627103.0;327
;;;2336279.0;19278666.0;2370742.0;10689527.0;1640858.0;328
;;;2352423.0;19451968.0;2412318.0;10701193.0;1651834.0;329
;;;2368733.0;19657940.0;2456675.0;10720048.0;1664726.0;330
;;;2381277.0;19876237.0;2499560.0;10733130.0;1687185.0;331
;;;2390102.0;20191325.0;2499560.0;10746174.0;1719737.0;332
;;;2400598.0;20370227.0;2499560.0;10757610.0;1742661.0;333
;;;2414166.0;20642506.0;2593382.0;10766245.0;1755351.0;334
;;;2428221.0;20845907.0;2629817.0;10777284.0;1765666.0;335
;;;2441854.0;21031409.0;2670102.0;10790183.0;1775513.0;336
;;;2455185.0;21264272.0;2705001.0;10802591.0;1787410.0;337
;;;2466813.0;21524033.0;2743119.0;10814304.0;1808647.0;338
;;;2475372.0;21810277.0;2743119.0;10826363.0;1835038.0;339
;;;2485956.0;22114343.0;2743119.0;10838194.0;1866887.0;340
;;;2501147.0;22379081.0;2822805.0;10847304.0;1891581.0;341
;;;2515507.0;22589924.0;2851869.0;10858371.0;1908527.0;342
;;;2529070.0;22793888.0;2883465.0;10871294.0;1921024.0;343
;;;2541783.0;23015701.0;2913425.0;10880603.0;1933826.0;344
;;;2553032.0;23245031.0;2941990.0;10892746.0;1953426.0;345
;;;2560957.0;23480609.0;2941990.0;10904940.0;1978590.0;346
;;;2570608.0;23725607.0;2941990.0;10916589.0;2000958.0;347
;;;2583790.0;23943296.0;2989085.0;10925710.0;2019636.0;348
;;;2597446.0;24119850.0;3005487.0;10937320.0;2033518.0;349
;;;2611659.0;24260678.0;3023601.0;10950201.0;2040659.0;350
;;;2625098.0;24417573.0;3041454.0;10963394.0;2052028.0;351
;;;2636738.0;24604955.0;3056035.0;10977387.0;2068002.0;352
;;;2644707.0;24797508.0;3056035.0;10991651.0;2088400.0;353
;;;2655319.0;24989283.0;3056035.0;11005850.0;2106262.0;354
;;;2668266.0;25167458.0;3086286.0;11016434.0;2122679.0;355
;;;2683403.0;25307602.0;3096343.0;11030176.0;2134936.0;356
;;;2697296.0;25437202.0;3107172.0;11046914.0;2141665.0;357
;;;2710819.0;25588210.0;3121687.0;11063491.0;2148077.0;358
;;;2721879.0;25743666.0;3133122.0;11079979.0;2161275.0;359
;;;2729223.0;25910426.0;3133122.0;11096731.0;2178828.0;360
;;;2739591.0;26074169.0;3133122.0;11112241.0;2192850.0;361
;;;2751657.0;26225109.0;3153971.0;11124527.0;2205171.0;362
;;;2765412.0;26337967.0;3161432.0;11139516.0;2216363.0;363
;;;2780882.0;26463281.0;3170644.0;11156923.0;2221971.0;364
;;;2795796.0;26580311.0;3180212.0;11173761.0;2228085.0;365
;;;2809246.0;26704683.0;3188553.0;11192045.0;2237790.0;366
;;;2818863.0;26829712.0;3188553.0;11210799.0;2252001.0;367
;;;2832162.0;26960823.0;3188553.0;11229398.0;2264909.0;368
;;;2848564.0;27077683.0;3204531.0;11244786.0;2275394.0;369
;;;2868435.0;27167112.0;3130184.0;11262707.0;2284010.0;370
;;;2888923.0;27249911.0;3136321.0;11285561.0;2288545.0;371
;;;2907825.0;27345292.0;3142358.0;11308846.0;2291924.0;372
;;;2925265.0;27440575.0;3149012.0;11333728.0;2299996.0;373
;;;2938371.0;27547347.0;3149012.0;11359048.0;2310233.0;374
;;;2955434.0;27647927.0;3149012.0;11385339.0;2320093.0;375
;;;2976274.0;27738685.0;3160970.0;11409831.0;2328447.0;376
;;;2999119.0;27806993.0;3164982.0;11438734.0;2334561.0;377
;;;3023129.0;27862441.0;3172101.0;11474605.0;2338987.0;378
;;;3046762.0;27921663.0;3178356.0;11514331.0;2342843.0;379
;;;3067486.0;27990508.0;3183704.0;11555284.0;2350399.0;380
;;;3081368.0;28063088.0;3183704.0;11599130.0;2360606.0;381
;;;3101093.0;28138246.0;3183704.0;11646081.0;2369719.0;382
;;;3123368.0;28212029.0;3195062.0;11686796.0;2378883.0;383
;;;3149017.0;28267294.0;3200024.0;11734058.0;2386559.0;384
;;;3175807.0;28322777.0;3206116.0;11787534.0;2390928.0;385
;;;3201838.0;28396637.0;3212332.0;11846652.0;2394811.0;386
;;;3223142.0;28471662.0;3212332.0;11908910.0;2402818.0;387
;;;3238394.0;28548941.0;3212332.0;11971624.0;2414687.0;388
;;;3258770.0;28624361.0;3212332.0;12039644.0;2424684.0;389
;;;3281810.0;28695650.0;3228803.0;12095855.0;2434446.0;390
;;;3306711.0;28747414.0;3234319.0;12149335.0;2442336.0;391
;;;3332418.0;28797854.0;3234319.0;12221665.0;2447068.0;392
;;;3356331.0;28856272.0;3247738.0;12303131.0;2451011.0;393
;;;3376376.0;28923323.0;3255324.0;12392260.0;2460030.0;394
;;;3400877.0;28992266.0;3255324.0;12485509.0;2471942.0;395
;;;3419616.0;29060145.0;3255324.0;12589067.0;2482522.0;396
;;;3440862.0;29121176.0;3270825.0;12686049.0;2492079.0;397
;;;3464543.0;29162787.0;3275819.0;12801785.0;2500182.0;398
;;;3488619.0;29206879.0;3284353.0;12928574.0;2505193.0;399
;;;3512453.0;29262382.0;3291394.0;13060542.0;2509445.0;400
;;;3532057.0;29320154.0;3291394.0;13205926.0;2518591.0;401
;;;3544957.0;29381944.0;3300965.0;13358805.0;2532947.0;402
;;;3561012.0;29444547.0;3300965.0;13527717.0;2545781.0;403
;;;3584899.0;29501367.0;3311325.0;13689453.0;2558455.0;404
;;;3607083.0;29540641.0;3317948.0;13873825.0;2569245.0;405
;;;3629000.0;29591674.0;3326736.0;14074564.0;2575849.0;406
;;;3650247.0;29645741.0;3336637.0;14291917.0;2581329.0;407
;;;3668264.0;29705015.0;3347512.0;14526609.0;2594764.0;408
;;;3678944.0;29767405.0;3347512.0;14788003.0;2612268.0;409
;;;3686707.0;29829037.0;3347512.0;15061805.0;2629750.0;410
;;;3700393.0;29887904.0;3370256.0;15320972.0;2645783.0;411
;;;3717602.0;29923282.0;3376548.0;15616130.0;2659516.0;412
;;;3736526.0;29970706.0;3387022.0;15930774.0;2667225.0;413
;;;3754077.0;30023564.0;3396685.0;16263695.0;2674710.0;414
;;;3769814.0;30111321.0;3407283.0;16610481.0;2690523.0;415
;;;3779594.0;30178948.0;3407283.0;16960172.0;2713180.0;416
;;;3793033.0;30255319.0;3407283.0;17313163.0;2734753.0;417
;;;3809193.0;30319374.0;3428354.0;17636186.0;2755225.0;418
;;;3826156.0;30365694.0;3428354.0;17997113.0;2772401.0;419
;;;3842079.0;30431566.0;3446072.0;18376421.0;2782273.0;420
;;;3857443.0;30493256.0;3456886.0;18762976.0;2791822.0;421
;;;3870131.0;30562786.0;3468617.0;19164969.0;2808873.0;422
;;;3878994.0;30639642.0;3468617.0;19557457.0;2833173.0;423
;;;3891063.0;30713666.0;3468617.0;19925517.0;2855061.0;424
;;;3904899.0;30778546.0;3488469.0;20282833.0;2873190.0;425
;;;3920945.0;30816469.0;3496134.0;20664979.0;2885386.0;426
;;;3935703.0;30883556.0;3504799.0;21077410.0;2893883.0;427
;;;3949517.0;30946382.0;3514942.0;21491598.0;2900768.0;428
;;;3962674.0;31022159.0;3524077.0;21892676.0;2910445.0;429
;;;3971114.0;31102225.0;3524077.0;22296081.0;2930852.0;430
;;;3981512.0;31186978.0;3524077.0;22662575.0;2956316.0;431
;;;3994894.0;31257513.0;3540430.0;22992517.0;2980413.0;432
;;;4009208.0;31304969.0;3544945.0;23340938.0;2998268.0;433
;;;4022653.0;31367152.0;3551262.0;23703665.0;3011513.0;434
;;;4035617.0;31447993.0;3559222.0;24046809.0;3022323.0;435
;;;4044762.0;31523597.0;3567408.0;24372907.0;3044016.0;436
;;;4050708.0;31597579.0;3567408.0;24684077.0;3073442.0;437
;;;4059821.0;31681052.0;3567408.0;24965463.0;3099273.0;438
;;;4070400.0;31736539.0;3581392.0;25228996.0;3123077.0;439
;;;4082198.0;31780368.0;3586333.0;25496330.0;3142262.0;440
;;;4092747.0;31838914.0;3592751.0;25772440.0;3153699.0;441
;;;4102921.0;31901354.0;3598452.0;26031991.0;3163308.0;442
;;;4111210.0;31965700.0;3604799.0;26289290.0;3188192.0;443
;;;4116287.0;32032419.0;3604799.0;26530132.0;3217710.0;444
;;;4123230.0;32095314.0;3604799.0;26752447.0;3245253.0;445
;;;4131078.0;32150286.0;3615860.0;26948874.0;3268645.0;446
;;;4139160.0;32185055.0;3619848.0;27157795.0;3287418.0;447
;;;4146722.0;32227342.0;3625928.0;27369093.0;3299325.0;448
;;;4153374.0;32279624.0;3631661.0;27555457.0;3310301.0;449
;;;4159122.0;32334810.0;3636453.0;27729247.0;3332532.0;450
;;;4162576.0;32393636.0;3636453.0;27894800.0;3357268.0;451
;;;4167025.0;32451738.0;3636453.0;28047534.0;3381597.0;452
;;;4172525.0;32500514.0;3647520.0;28175044.0;3400532.0;453
;;;4178261.0;32531070.0;3652879.0;28307832.0;3416822.0;454
;;;4183476.0;32575692.0;3657886.0;28441986.0;3425982.0;455
;;;4188190.0;32618587.0;3663176.0;28574350.0;3433516.0;456
;;;4192183.0;32664630.0;3668658.0;28694879.0;3451550.0;457
;;;4194672.0;32710809.0;3668658.0;28809339.0;3473503.0;458
;;;4197892.0;32759224.0;3668658.0;28909975.0;3491988.0;459
;;;4201827.0;32794879.0;3678390.0;28996473.0;3507673.0;460
;;;4205970.0;32817749.0;3682778.0;29089069.0;3520329.0;461
;;;4209707.0;32850125.0;3687762.0;29182532.0;3527251.0;462
;;;4213055.0;32885603.0;3693012.0;29274823.0;3533376.0;463
;;;4216003.0;32921754.0;3697981.0;29359155.0;3548285.0;464
;;;4217821.0;32960490.0;3697981.0;29439989.0;3565704.0;465
;;;4220304.0;33002707.0;3697981.0;29510410.0;3577040.0;466
;;;4223200.0;33033464.0;3707523.0;29570881.0;3584934.0;467
;;;4225163.0;33051156.0;3711027.0;29633105.0;3593434.0;468
;;;4227719.0;33076399.0;3715454.0;29700313.0;3598846.0;469
;;;4230153.0;33105314.0;3729458.0;29762793.0;3603055.0;470
;;;4232428.0;33134919.0;3733600.0;29823546.0;3614095.0;471
;;;4233698.0;33165136.0;3733600.0;29881772.0;3626393.0;472
;;;4235592.0;33193961.0;3733600.0;29935221.0;3635162.0;473
;;;4237790.0;33215174.0;3741767.0;29977861.0;3642244.0;474
;;;4239868.0;33228958.0;3745199.0;30028709.0;3648958.0;475
;;;4241760.0;33250830.0;3749031.0;30082778.0;3651640.0;476
;;;4243482.0;33275420.0;3753228.0;30134445.0;3653551.0;477
;;;4244872.0;33300016.0;3757442.0;30183143.0;3656177.0;478
;;;4245779.0;33326857.0;3757442.0;30233183.0;3662490.0;479
;;;4247032.0;33349099.0;3757442.0;30279331.0;3669870.0;480
;;;4248432.0;33362410.0;3764651.0;30316897.0;3675296.0;481
;;;4249755.0;33369764.0;3768691.0;30362848.0;3679148.0;482
;;;4250902.0;33376039.0;3773032.0;30411634.0;3681126.0;483
;;;4252095.0;33396892.0;3777539.0;30458251.0;3682911.0;484
;;;4252976.0;33413605.0;3782463.0;30502362.0;3687828.0;485
;;;4253460.0;33432001.0;3782463.0;30545433.0;3692468.0;486
;;;4254294.0;33449866.0;3782463.0;30585229.0;3695633.0;487
;;;4255434.0;33465470.0;3792642.0;30619932.0;3697927.0;488
;;;4255700.0;33471486.0;3799733.0;30663665.0;3700367.0;489
;;;4256451.0;33485556.0;3808960.0;30709557.0;3701484.0;490
;;;4257289.0;33498595.0;3821305.0;30752950.0;3702688.0;491
;;;4258069.0;33517160.0;3833868.0;30795716.0;3705942.0;492
;;;4258456.0;33531941.0;3833868.0;30837222.0;3709129.0;493
;;;4259133.0;33557092.0;3833868.0;30874376.0;3711569.0;494
;;;4259909.0;33566252.0;3866475.0;30907282.0;3713480.0;495
;;;4260788.0;33571522.0;3880612.0;30946147.0;3714969.0;496
;;;4261582.0;33583308.0;3897996.0;30987880.0;3715518.0;497
;;;4262511.0;33594037.0;3915313.0;31026829.0;3716170.0;498
;;;4263317.0;33605945.0;3937192.0;31064908.0;3717625.0;499
;;;4263797.0;33617708.0;3937192.0;31106065.0;3718955.0;500
;;;4264704.0;33638890.0;3937192.0;31144229.0;3720031.0;501
;;;4265714.0;33647942.0;3971124.0;31174322.0;3721139.0;502
;;;4267105.0;33652898.0;4015084.0;31216337.0;3721981.0;503
;;;4268491.0;33663452.0;4041474.0;31257720.0;3722327.0;504
;;;4269885.0;33674248.0;4069162.0;31293062.0;3722782.0;505
;;;4271276.0;33686913.0;4100222.0;31332159.0;3723798.0;506
;;;4272163.0;33701389.0;4100222.0;31371901.0;3724806.0;507
;;;4273693.0;33725992.0;4100222.0;31411262.0;3725580.0;508
;;;4275846.0;33735361.0;4161850.0;31440951.0;3726172.0;509
;;;4278319.0;33739983.0;4189136.0;31484605.0;3726710.0;510
;;;4281214.0;33753566.0;4219723.0;31528114.0;3726929.0;511
;;;4284332.0;33761043.0;4249258.0;31572344.0;3727333.0;512
;;;4287458.0;33776394.0;4280429.0;31613993.0;3728141.0;513
;;;4289528.0;33791514.0;4280429.0;31655824.0;3729033.0;514
;;;4293083.0;33821271.0;4280429.0;31695958.0;3729682.0;515
;;;4297337.0;33826685.0;4342054.0;31726507.0;3730353.0;516
;;;4302393.0;33830970.0;4368453.0;31769132.0;3730912.0;517
;;;4307535.0;33839872.0;4395602.0;31812114.0;3731124.0;518
;;;4312673.0;33862154.0;4422291.0;31856757.0;3731564.0;519
;;;4317415.0;33882330.0;4447044.0;31895385.0;3732549.0;520
;;;4320530.0;33903195.0;4447044.0;31934455.0;3733519.0;521
;;;4325046.0;33950787.0;4447044.0;31969954.0;3734468.0;522
;;;4330739.0;33960906.0;4502983.0;31998158.0;3735420.0;523
;;;4336906.0;33972653.0;4523310.0;32036511.0;3736165.0;524
;;;4343519.0;34002076.0;4545184.0;32077706.0;3736489.0;525
;;;4350028.0;34028607.0;4566571.0;32117826.0;3737135.0;526
;;;4355348.0;34059732.0;4588132.0;32156493.0;3738683.0;527
;;;4358533.0;34091693.0;4588132.0;32192576.0;3740325.0;528
;;;4363374.0;34169802.0;4588132.0;32225513.0;3741781.0;529
;;;4369964.0;34183904.0;4627770.0;32250679.0;3743389.0;530
;;;4377188.0;34204233.0;4643450.0;32285857.0;3744681.0;531
;;;4383787.0;34253076.0;4660473.0;32322258.0;3745227.0;532
;;;4390684.0;34292802.0;4677883.0;32358829.0;3746410.0;533
;;;4396417.0;34340538.0;4693540.0;32393286.0;3748613.0;534
;;;4400617.0;34397064.0;4693540.0;32424234.0;3750503.0;535
;;;4406241.0;34517866.0;4693540.0;32449306.0;3752592.0;536
;;;4413162.0;34546610.0;4719266.0;32474773.0;3754511.0;537
;;;4420429.0;34574582.0;4733602.0;32512366.0;3755898.0;538
;;;4427827.0;34653954.0;4745558.0;32558530.0;3756856.0;539
;;;4435008.0;34718957.0;4758003.0;32603188.0;3758401.0;540
;;;4440669.0;34792533.0;4770453.0;32649947.0;3761169.0;541
;;;4444338.0;34865078.0;4770453.0;32695030.0;3764311.0;542
;;;4449606.0;35056523.0;4770453.0;32737939.0;3766765.0;543
;;;4456765.0;35100414.0;4794352.0;32768880.0;3769165.0;544
;;;4464005.0;35144983.0;4804424.0;32810845.0;3771262.0;545
;;;4471225.0;35253343.0;4815205.0;32857937.0;3772109.0;546
;;;4478691.0;35351097.0;4822320.0;32903289.0;3773875.0;547
;;;4484613.0;35453543.0;4831809.0;32945907.0;3777446.0;548
;;;4488779.0;35563230.0;4831809.0;32988673.0;3780985.0;549
;;;4494857.0;35815126.0;4831809.0;33027621.0;3784433.0;550
;;;4502396.0;35878132.0;4847298.0;33058843.0;3787639.0;551
;;;4509611.0;35913008.0;4855065.0;33096718.0;3790766.0;552
;;;4517434.0;36072795.0;4861883.0;33139981.0;3791949.0;553
;;;4524292.0;36190596.0;4871444.0;33174954.0;3794429.0;554
;;;4530246.0;36345048.0;4877755.0;33208330.0;3799425.0;555
;;;4534499.0;36489134.0;4877755.0;33236921.0;3805063.0;556
;;;4539991.0;36715940.0;4877755.0;33264175.0;3810641.0;557
;;;4546487.0;36789007.0;4887112.0;33289579.0;3816285.0;558
;;;4553241.0;36835795.0;4892640.0;33316755.0;3821013.0;559
;;;4559970.0;37030150.0;4898258.0;33347325.0;3823139.0;560
;;;4566126.0;37180741.0;4903021.0;33381728.0;3827051.0;561
;;;4571440.0;37348343.0;4907461.0;33417390.0;3835375.0;562
;;;4574787.0;37503564.0;4907461.0;33448163.0;3843775.0;563
;;;4579502.0;37742638.0;4907461.0;33478419.0;3853055.0;564
;;;4585423.0;37834834.0;4915265.0;33504534.0;3861147.0;565
;;;4590941.0;37879037.0;4918526.0;33531498.0;3868197.0;566
;;;4596558.0;38087262.0;4922249.0;33563421.0;3871865.0;567
;;;4601749.0;38241722.0;4926324.0;33594803.0;3877612.0;568
;;;4606413.0;38420704.0;4929546.0;33624419.0;3889173.0;569
;;;4609205.0;38604475.0;4929546.0;33652745.0;3901799.0;570
;;;4613214.0;38843147.0;4929546.0;33678786.0;3913828.0;571
;;;4618040.0;38922036.0;4935534.0;33697581.0;3924131.0;572
;;;4623155.0;38974047.0;4937984.0;33716451.0;3932547.0;573
;;;4627699.0;39203261.0;4940824.0;33739980.0;3937106.0;574
;;;4632275.0;39383222.0;4943855.0;33766707.0;3942856.0;575
;;;4636111.0;39573739.0;4946601.0;33791061.0;3956387.0;576
;;;4638516.0;39752874.0;4946601.0;33813903.0;3970102.0;577
;;;4641890.0;39988318.0;4946601.0;33834702.0;3984353.0;578
;;;4645853.0;40074226.0;4951640.0;33853048.0;3995188.0;579
;;;4649906.0;40137731.0;4953930.0;33871881.0;4005641.0;580
;;;4653696.0;40231470.0;4956691.0;33894312.0;4010390.0;581
;;;4657215.0;40440640.0;4959091.0;33915569.0;4017116.0;582
;;;4660314.0;40617567.0;4961128.0;33935309.0;4030681.0;583
;;;4662087.0;40783985.0;4961128.0;33953475.0;4046112.0;584
;;;4665049.0;41025994.0;4961128.0;33971607.0;4059081.0;585
;;;4668261.0;41115125.0;4965399.0;33985920.0;4070295.0;586
;;;4672355.0;41163477.0;4967200.0;34001743.0;4077640.0;587
;;;4675758.0;41374256.0;4969503.0;34020730.0;4083151.0;588
;;;4679067.0;41519660.0;4971310.0;34037592.0;4089476.0;589
;;;4682034.0;41692913.0;4973619.0;34053573.0;4101931.0;590
;;;4683646.0;41851690.0;4973619.0;34067719.0;4114856.0;591
;;;4686109.0;42062552.0;4973619.0;34081315.0;4125878.0;592
;;;4689341.0;42137525.0;4977448.0;34094373.0;4134779.0;593
;;;4692274.0;42182396.0;4977448.0;34108996.0;4142116.0;594
;;;4695291.0;42354198.0;4980206.0;34127450.0;4145852.0;595
;;;4698038.0;42475936.0;4982138.0;34143236.0;4150516.0;596
;;;4700316.0;42607288.0;4984386.0;34159562.0;4160970.0;597
;;;4701832.0;42736457.0;4984386.0;34175468.0;4171666.0;598
;;;4704318.0;42911223.0;4984386.0;34189774.0;4181393.0;599
;;;4707087.0;42971718.0;4988878.0;34202202.0;4188604.0;600
;;;4709753.0;43026035.0;4990767.0;34215653.0;4196378.0;601
;;;4712482.0;43181981.0;4993295.0;34231809.0;4199400.0;602
;;;4715464.0;43294733.0;4995176.0;34246157.0;4203571.0;603
;;;4717899.0;43416122.0;4997732.0;34260470.0;4215351.0;604
;;;4719493.0;43526508.0;4997732.0;34273300.0;4227501.0;605
;;;4722188.0;43681338.0;4997732.0;34285814.0;4237619.0;606
;;;4725887.0;43729543.0;5002217.0;34296237.0;4246136.0;607
;;;4729678.0;43774321.0;5004143.0;34308140.0;4252300.0;608
;;;4733557.0;43917236.0;5006675.0;34321025.0;4255388.0;609
;;;4737462.0;44012469.0;5008887.0;34333754.0;4260187.0;610
;;;4741185.0;44124642.0;5011148.0;34344683.0;4271734.0;611
;;;4743720.0;44226168.0;5011148.0;34355509.0;4283378.0;612
;;;4747773.0;44357583.0;5011148.0;34366987.0;4293807.0;613
;;;4752368.0;44396410.0;5011148.0;34377113.0;4302661.0;614
;;;4757231.0;44436080.0;5016968.0;34388579.0;4310273.0;615
;;;4762563.0;44532144.0;5019255.0;34401670.0;4313384.0;616
;;;4767440.0;44642750.0;5022546.0;34414186.0;4318355.0;617
;;;4771965.0;44751214.0;5025639.0;34426036.0;4330258.0;618
;;;4774783.0;44838161.0;5025639.0;34437307.0;4342640.0;619
;;;4777614.0;44947641.0;5025639.0;34447536.0;4354158.0;620
;;;4782802.0;44987425.0;5032056.0;34456401.0;4365107.0;621
;;;4788704.0;45019082.0;5032056.0;34466598.0;4373789.0;622
;;;4795465.0;45118033.0;5038517.0;34478517.0;4377845.0;623
;;;4802225.0;45199950.0;5042803.0;34489623.0;4384616.0;624
;;;4808047.0;45291570.0;5047156.0;34499925.0;4401631.0;625
;;;4812594.0;45369652.0;5047156.0;34510413.0;4417708.0;626
;;;4818705.0;45465604.0;5047156.0;34518901.0;4437280.0;627
;;;4826738.0;45498024.0;5056954.0;34526480.0;4452425.0;628
;;;4835435.0;45517194.0;5061045.0;34535763.0;4466157.0;629
;;;4843957.0;45629766.0;5067712.0;34544882.0;4472730.0;630
;;;4852496.0;45696423.0;5074027.0;34555431.0;4483203.0;631
;;;4860061.0;45798986.0;5080663.0;34563749.0;4506415.0;632
;;;4865260.0;45874082.0;5080663.0;34572523.0;4534452.0;633
;;;4873075.0;45969188.0;5080663.0;34580832.0;4559120.0;634
;;;4883242.0;46003483.0;5096538.0;34587822.0;4580663.0;635
;;;4893887.0;46035809.0;5103315.0;34596776.0;4597550.0;636
;;;4904441.0;46149063.0;5111842.0;34606541.0;4607208.0;637
;;;4915981.0;46217811.0;5121100.0;34615757.0;4618021.0;638
;;;4925688.0;46303405.0;5131012.0;34624360.0;4638419.0;639
;;;4932091.0;46384843.0;5131012.0;34624360.0;4672368.0;640
;;;4942135.0;46481701.0;5131012.0;34641561.0;4709488.0;641
;;;4954585.0;46516562.0;5153923.0;34648383.0;4743490.0;642
;;;4968341.0;46553390.0;5164184.0;34656822.0;4767033.0;643
;;;4982022.0;46664140.0;5174720.0;34666241.0;4782546.0;644
;;;4994891.0;46742499.0;5189220.0;34674643.0;4804378.0;645
;;;5007818.0;46837569.0;5202958.0;34682633.0;4844054.0;646
;;;5015790.0;46895213.0;5202958.0;34690510.0;4894250.0;647
;;;5028547.0;47038724.0;5202958.0;34697860.0;4942890.0;648
;;;5043620.0;47082676.0;5202958.0;34703644.0;4987971.0;649
;;;5060430.0;47114588.0;5246766.0;34710628.0;5021469.0;650
;;;5077445.0;47248624.0;5246766.0;34718602.0;5045076.0;651
;;;5094072.0;47335895.0;5273178.0;34726049.0;5077124.0;652
;;;5109082.0;47448742.0;5290273.0;34726049.0;5129950.0;653
;;;5118576.0;47558569.0;5290190.0;34733194.0;5195321.0;654
;;;5134318.0;47685444.0;5290190.0;34746838.0;5248291.0;655
;;;5152264.0;47730805.0;5339992.0;34752164.0;5312215.0;656
;;;5164780.0;47770637.0;5366128.0;34758481.0;5354942.0;657
;;;5185270.0;47915253.0;5393268.0;34765976.0;5385585.0;658
;;;5206305.0;48006598.0;5422168.0;34772626.0;5430911.0;659
;;;5225517.0;48118178.0;5455527.0;34779815.0;5497795.0;660
;;;5238221.0;48157497.0;5455527.0;34786802.0;5573756.0;661
;;;5258886.0;48210918.0;5455527.0;34793333.0;5650170.0;662
;;;5282076.0;48237457.0;5535231.0;34799691.0;5717295.0;663
;;;5308180.0;48280606.0;5585054.0;34808886.0;5761696.0;664
;;;5336795.0;48466899.0;5645095.0;34822040.0;5791060.0;665
;;;5364852.0;48584004.0;5718007.0;34838804.0;5836813.0;666
;;;5389155.0;48721118.0;5718007.0;34861579.0;5903999.0;667
;;;5405360.0;48859969.0;5718007.0;34889132.0;5977208.0;668
;;;5436143.0;49018581.0;5718007.0;34922882.0;6051560.0;669
;;;5472469.0;49084922.0;5932626.0;34960261.0;6116070.0;670
;;;5517054.0;49140106.0;6032297.0;35018358.0;6158125.0;671
;;;5567644.0;49317792.0;6133057.0;35109286.0;6185961.0;672
;;;5622431.0;49431052.0;6294745.0;35226386.0;6222020.0;673
;;;5647313.0;49580964.0;6294745.0;35368372.0;6291621.0;674
;;;5678112.0;49705495.0;6294745.0;35528004.0;6362232.0;675
;;;5756412.0;49863705.0;6294745.0;35707727.0;6423520.0;676
;;;5854428.0;49920293.0;6667511.0;35875790.0;6477217.0;677
;;;5981428.0;49972602.0;6785286.0;36070510.0;6509863.0;678
;;;6125683.0;50158088.0;6922466.0;36317927.0;6531606.0;679
;;;6266939.0;50270909.0;6922466.0;36582129.0;6562429.0;680
;;;6328076.0;50416755.0;7164906.0;36850962.0;6613730.0;681
;;;6396110.0;50558486.0;7164906.0;37122164.0;6670407.0;682
;;;6566947.0;50751140.0;7164906.0;37380253.0;6721375.0;683
;;;6756035.0;50830900.0;7457300.0;37618271.0;6764188.0;684
;;;6975465.0;50920099.0;7592242.0;37901241.0;6793536.0;685
;;;7083762.0;51160140.0;7771367.0;38218773.0;6809622.0;686
;;;7281297.0;51339553.0;7930528.0;38566027.0;6833050.0;687
;;;7436939.0;51583295.0;8093036.0;38903731.0;6878709.0;688
;;;7554344.0;51853055.0;8093036.0;39237264.0;6923636.0;689
;;;7774863.0;52101575.0;8093036.0;39543328.0;6959067.0;690
;;;7971068.0;52188230.0;8424503.0;39799202.0;6981281.0;691
;;;8155645.0;52366617.0;8518975.0;40085116.0;6991381.0;692
;;;8356514.0;52867185.0;8676916.0;40371500.0;7005289.0;693
;;;8549450.0;53229218.0;8834363.0;40622709.0;7026369.0;694
;;;8706915.0;53731325.0;8975458.0;40858241.0;7066412.0;695
;;;8790302.0;54322023.0;8975458.0;41092522.0;7109182.0;696
;;;9018425.0;54835643.0;8975458.0;41302440.0;7150422.0;697
;;;9219391.0;55024406.0;9280890.0;41469499.0;7176814.0;698
;;;9418256.0;55310363.0;9395767.0;41630885.0;7189329.0;699
;;;9603856.0;56355318.0;9529320.0;41803318.0;7207847.0;700
;;;9781191.0;57167536.0;9660208.0;41952712.0;7238408.0;701
;;;9923678.0;57830141.0;9779130.0;42080664.0;7297320.0;702
;;;10001344.0;58665163.0;9779130.0;42188138.0;7361660.0;703
;;;10212621.0;59534923.0;9779130.0;42272014.0;7417995.0;704
;;;10383561.0;59932617.0;9961253.0;42339611.0;7473884.0;705
;;;10539601.0;60417642.0;10039126.0;42410976.0;7510436.0;706
;;;10683948.0;61801540.0;10125348.0;42478060.0;7535691.0;707
;;;10821375.0;62588935.0;10199716.0;42536137.0;7581381.0;708
;;;10925485.0;63437572.0;10199716.0;42586544.0;7661811.0;709
;;;10983116.0;64298917.0;10199716.0;42631421.0;7743228.0;710
;;;11116422.0;65178977.0;10199716.0;42665534.0;7835451.0;711
;;;11235745.0;65587291.0;10395471.0;42692943.0;7913473.0;712
;;;11348701.0;66067093.0;10439302.0;42723558.0;7965977.0;713
;;;11449601.0;66742225.0;10502141.0;42754315.0;8000122.0;714
;;;11542793.0;67871738.0;10555196.0;42780235.0;8074527.0;715
;;;11621736.0;68779865.0;10604200.0;42802505.0;8186850.0;716
;;;11663338.0;69512462.0;10604200.0;42822473.0;8320386.0;717
;;;11765767.0;70353550.0;10604200.0;42838524.0;8460546.0;718
;;;11847436.0;70656050.0;10672906.0;42851929.0;8596007.0;719
;;;11923631.0;71021496.0;10707286.0;42867031.0;8681447.0;720
;;;11991109.0;71943648.0;10744394.0;42881179.0;8744840.0;721
;;;12053330.0;72436733.0;10778607.0;42894345.0;8871795.0;722
;;;12105675.0;73060791.0;10809222.0;42905844.0;9035795.0;723
;;;12134451.0;73567049.0;10809222.0;42916117.0;9238931.0;724
;;;12205474.0;74181123.0;10809222.0;42924130.0;9429079.0;725
;;;12265343.0;74359742.0;10858000.0;42931045.0;9618245.0;726
;;;12323398.0;74557703.0;10880193.0;42938599.0;9737215.0;727
;;;12377098.0;75099943.0;10914105.0;42945160.0;9815533.0;728
;;;12427773.0;75425352.0;10949997.0;42951556.0;9978146.0;729
;;;12469975.0;75754890.0;10977524.0;42957477.0;10186644.0;730
;;;12494459.0;76029693.0;10977524.0;42962953.0;10422764.0;731
;;;12554596.0;76384662.0;10977524.0;42967315.0;10671602.0;732
;;;12603758.0;76471091.0;10977524.0;42971308.0;10889417.0;733
;;;12651251.0;76554567.0;11036085.0;42975883.0;11022590.0;734
;;;12693320.0;76901004.0;11054888.0;42980067.0;11117857.0;735
;;;12732680.0;77115372.0;11078028.0;42984261.0;11287428.0;736
;;;12764558.0;77303778.0;11100428.0;42987875.0;11521678.0;737
;;;12782836.0;77475187.0;11100428.0;42990991.0;11769540.0;738
;;;12829972.0;77684502.0;11100428.0;42993494.0;12009712.0;739
;;;12867918.0;77736367.0;11136425.0;42996062.0;12219501.0;740
;;;12910506.0;77794688.0;11159574.0;42998938.0;12344661.0;741
;;;12948859.0;77964868.0;11181510.0;43001477.0;12421126.0;742
;;;12990223.0;78076038.0;11204125.0;43004005.0;12580343.0;743
;;;13026112.0;78190855.0;11223974.0;43006080.0;12800315.0;744
;;;13048774.0;78292544.0;11223974.0;43007841.0;13035941.0;745
;;;13109527.0;78437714.0;11223974.0;43009390.0;13255989.0;746
;;;13159342.0;78469121.0;11223974.0;43010971.0;13445094.0;747
;;;13214498.0;78492125.0;11260040.0;43012749.0;13563126.0;748
;;;13268459.0;78575012.0;11260040.0;43014687.0;13636993.0;749
;;;13323179.0;78664344.0;11260040.0;43016372.0;13762895.0;750
;;;13373207.0;78749480.0;11324637.0;43018032.0;13971947.0;751
;;;13402905.0;78816551.0;11324637.0;43019453.0;14188269.0;752
;;;13489319.0;78890923.0;11324637.0;43020723.0;14399012.0;753
;;;13563466.0;78938335.0;11324637.0;43021982.0;14574845.0;754
;;;13645834.0;78956555.0;11378784.0;43023215.0;14682758.0;755
;;;13724411.0;79055469.0;11378784.0;43024440.0;14745107.0;756
;;;13800179.0;79102176.0;11378784.0;43025775.0;14867218.0;757
;;;13861743.0;79155578.0;11451676.0;43027035.0;15053624.0;758
;;;13895188.0;79204186.0;11451676.0;43028131.0;15264297.0;759
;;;13992092.0;79255446.0;11451676.0;43029044.0;15481890.0;760
;;;14070450.0;79270366.0;11451676.0;43029839.0;15674100.0;761
;;;14153098.0;79282761.0;11508309.0;43030925.0;15790989.0;762
;;;14229495.0;79346841.0;11508309.0;43031958.0;15869417.0;763
;;;14304111.0;79376595.0;11508309.0;43033067.0;16026216.0;764
;;;14364723.0;79414294.0;11551574.0;43034217.0;16242070.0;765
;;;14396283.0;79460871.0;11551574.0;43035271.0;16504822.0;766
;;;14496579.0;79510580.0;11551574.0;43036132.0;16757658.0;767
;;;14567990.0;79520798.0;11551574.0;43036928.0;16994744.0;768
;;;14642354.0;79531848.0;11578653.0;43038016.0;17141351.0;769
;;;14719394.0;79567232.0;11578653.0;43039023.0;17233729.0;770
;;;14790806.0;79591607.0;11578653.0;43039972.0;17432617.0;771
;;;14845815.0;79637736.0;11627487.0;43040947.0;17695210.0;772
;;;14877144.0;79690908.0;11627487.0;43042097.0;17990141.0;773
;;;14966058.0;79722268.0;11627487.0;43044280.0;18287986.0;774
;;;15035943.0;79733147.0;11627487.0;43045527.0;18548225.0;775
;;;15106066.0;79744598.0;11662214.0;43047594.0;18680017.0;776
;;;15173707.0;79786872.0;11662214.0;43049974.0;18772331.0;777
;;;15238128.0;79811434.0;11662214.0;43052425.0;18994411.0;778
;;;15292048.0;79852447.0;11662214.0;43054952.0;19278143.0;779
;;;15320753.0;79895441.0;11662214.0;43057545.0;19596530.0;780
;;;15404809.0;79941876.0;11662214.0;43060086.0;19893028.0;781
;;;15467395.0;79951310.0;11662214.0;43060097.0;20145054.0;782
;;;15533012.0;79963100.0;11736893.0;43065496.0;20256278.0;783
;;;15595302.0;80002070.0;11736893.0;43068799.0;20323779.0;784
;;;15659835.0;80026251.0;11736893.0;43072176.0;20561131.0;785
;;;15712088.0;80065433.0;11786036.0;43075864.0;20829608.0;786
;;;15730676.0;80111066.0;11786036.0;43079188.0;21357095.0;787
;;;15758002.0;80143284.0;11786036.0;43082345.0;21357039.0;788
;;;15858442.0;80155090.0;11786036.0;43084913.0;21553495.0;789
;;;15934437.0;80159845.0;11833457.0;43088118.0;21668677.0;790
;;;16008181.0;80188749.0;11833457.0;43091393.0;21668677.0;791
;;;16079209.0;80214352.0;11833457.0;43094938.0;21849074.0;792
;;;16136057.0;80255299.0;11896152.0;43098743.0;22265788.0;793
;;;16161339.0;80305934.0;11896152.0;43102194.0;22441051.0;794
;;;16191323.0;80380956.0;11896152.0;43105401.0;22591726.0;795
;;;16279754.0;80393668.0;11896152.0;43107689.0;22647197.0;796
;;;16349788.0;80403199.0;11953481.0;43110586.0;22677986.0;797
;;;16409183.0;80443540.0;11953481.0;43113413.0;22878428.0;798
;;;16463200.0;80479277.0;11953481.0;43116254.0;23017079.0;799
;;;16504791.0;80534663.0;12009059.0;43119112.0;23182447.0;800
;;;16523859.0;80585321.0;12009059.0;43121599.0;23339311.0;801
;;;16586268.0;80620763.0;12009059.0;43123801.0;23376879.0;802
;;;16633911.0;80633098.0;12058888.0;43125370.0;23416663.0;803
;;;16682626.0;80640602.0;12058888.0;43127199.0;23437145.0;804
;;;16726990.0;80701989.0;12058888.0;43129563.0;23459628.0;805
;;;16767773.0;80741248.0;12058888.0;43131822.0;23658211.0;806
;;;16798998.0;80810185.0;12127122.0;43134145.0;23844536.0;807
;;;16816419.0;80871880.0;12127122.0;43136371.0;24006254.0;808
;;;16872618.0;80961932.0;12127122.0;43138393.0;24141333.0;809
;;;16915301.0;80981661.0;12127122.0;43140068.0;24180512.0;810
;;;16954784.0;80995149.0;12179234.0;43142192.0;24200596.0;811
;;;16993813.0;81065351.0;12179234.0;43144820.0;24337394.0;812
;;;17030147.0;81110700.0;12179234.0;43147530.0;24337394.0;813
;;;17057873.0;81200714.0;12179234.0;43150215.0;24609159.0;814
;;;17071649.0;81278067.0;12234806.0;43153043.0;24710769.0;815
;;;17116550.0;81339256.0;12234806.0;43155749.0;24798067.0;816
;;;17147477.0;81363235.0;12234806.0;43158087.0;24809785.0;817
;;;17178199.0;81379937.0;12238073.0;43160832.0;24813817.0;818
;;;17205017.0;81474641.0;12238073.0;43164544.0;24927339.0;819
;;;17229263.0;81524230.0;12280345.0;43168585.0;25033970.0;820
;;;17247552.0;81636254.0;12326264.0;43172547.0;25130137.0;821
;;;17257573.0;81724803.0;12326264.0;43176817.0;25215210.0;822
;;;17288287.0;81853564.0;12326264.0;43181335.0;25287462.0;823
;;;17312432.0;81881384.0;12326264.0;43185049.0;25295950.0;824
;;;17333299.0;81887147.0;12326264.0;43190282.0;25299300.0;825
;;;17355119.0;82017157.0;12360256.0;43197522.0;25406868.0;826
;;;17373741.0;82087401.0;12360256.0;43205106.0;25503878.0;827
;;;17388877.0;82247584.0;12403245.0;43213435.0;25592839.0;828
;;;17396723.0;82361565.0;12403245.0;43222017.0;25661838.0;829
;;;17421410.0;82448938.0;12403245.0;43230101.0;25723697.0;830
;;;17440232.0;82465995.0;12403245.0;43236695.0;25729848.0;831
;;;17457950.0;82498105.0;12436538.0;43245517.0;25732153.0;832
;;;17467642.0;82676813.0;12436538.0;43257730.0;25818405.0;833
;;;17490451.0;82761403.0;12436538.0;;25890456.0;834
;;;17505973.0;82965157.0;12478994.0;;25949175.0;835
;;;17514589.0;83100311.0;12478994.0;;25998085.0;836
;;;17543136.0;83249345.0;12478994.0;;26040460.0;837
;;;17566061.0;83276275.0;12478994.0;;26044283.0;838
;;;17589595.0;83295857.0;12515127.0;;26045528.0;839
;;;17611607.0;83438314.0;12515127.0;;26109965.0;840
;;;17634065.0;83521318.0;;;26159106.0;841
;;;17653375.0;83731367.0;;;26198811.0;842
;;;17664043.0;83876814.0;;;26200663.0;843
;;;17703887.0;83984777.0;;;26240639.0;844
;;;17736696.0;83997459.0;;;26243352.0;845
;;;;84003227.0;;;26244107.0;846
;;;;84064138.0;;;26305996.0;847
;;;;84233920.0;;;26360953.0;848
;;;;84460998.0;;;26409455.0;849
;;;;84582387.0;;;26452148.0;850
;;;;84739446.0;;;26493235.0;851
;;;;84765602.0;;;26493235.0;852
;;;;84780058.0;;;26496611.0;853
;;;;84941188.0;;;26498361.0;854
;;;;85026595.0;;;26583016.0;855
;;;;85224597.0;;;26660652.0;856
;;;;85366511.0;;;26738530.0;857
;;;;85472828.0;;;26803867.0;858
;;;;85506177.0;;;26803867.0;859
;;;;85515529.0;;;26809245.0;860
;;;;85632808.0;;;26915085.0;861
;;;;85758638.0;;;27007429.0;862
;;;;85941735.0;;;27096571.0;863
